课程名称,最近在学,累计报名,好评
六IE认证专家 闫辉 教你真正的CCNA全套课程/CCNP/CCIE,1986,1万,99%
（今晚直播）3DMAX建模效果图 CAD VRAY PS 室内设计 家装工装,19552,12万,97%
【火焱社】淘宝数据化运营解析手淘首页、免费流量5天破千,18111,4万,96%
PHP7进阶到架构-Swoole/Laravel/TP5/高并发项目实战【六星教育】,10016,2万,93%
2019省考笔试真题解析【2020国考笔试预热】【尚政公考】,14081,16万,98%
Web前端开发之JavaScript(Js)精英课堂【渡一教育】,22831,8万,97%
20届考研管理类联考必刷导学课（MPACC/MBA/MPA/MEM）,248,2159,100%
淘宝开店电商运营技巧 直通车爆款规则玩法解析【齐论教育】,45389,24万,94%
【NEXT学院x微信】官方小程序开发体验课,2443,3万,75%
PS/PS基础/PS教程 Photoshop淘宝美工/平面设计/PS电商视觉/精修,5426,9481,100%
JAVA高级开发 架构师课程（高并发 高可用 高扩展）【享学课堂】,25945,7万,97%
【直播】ps板绘商业插画设计试听课【合尚教育-HESUN】,8952,4万,98%
Android/安卓/UI/NDK/架构/数据结构算法/性能优化【动脑学院】,16861,9万,95%
"Java架构师,java高级课|只为培养互联网java架构师【咕泡教育】",51271,19万,97%
零基础学虚幻4(UE4)第一季：UE4基础操作,1003,1万,97%
Web前端开发之HTML+CSS精英课堂【渡一教育】,10501,5万,98%
iOS12+Swift4.2+Xcode10试听版,351,248,100%
SSM框架整合,556,2657,100%
"JavaEE体系化全套框架Spring,Mybatis,Hibernate,Struts2零基础",149,277,100%
Ajax/JSON传值全学会聊天程序教程Java入门/进阶/实战【诚筑说】,151,811,100%
基于Go的百万并发微服务最佳实践公开课,187,425,-
2018最新手淘首页玩法，点爆免费搜索流量,560,1204,100%
原生JS扫雷游戏实战开发【渡一教育】,884,5892,95%
【NEXT学院】Web前端工程师试学课程,449,9560,87%
【NEXT学院】微信小游戏入门与实战（体验课）,762,1万,87%
彩铅零基础到精通试听课【合尚教育-HESUN】美术绘画,3665,4万,98%
【直播】零基础手绘漫画插画试听课【合尚教育-HESUN】美术绘画,5058,6万,96%
【直播】零基础素描几何体静物肖像免费试听课【合尚教育-HESUN】,3528,6万,97%
Shiro安全框架,335,8130,97%
H5-Node.JS入门进阶课程,423,1153,100%
Struts2精品课程，入门到精通,216,1197,100%
IOS应用开发就业课【职坐标】（面向岗位/月薪上万）,364,9928,97%
Java面试求职(面试宝典/职业规划/简历编写)初级软件工程师,404,782,100%
UI设计PS入门PhotpShop海报制作+平面设计+修图调色【诚筑说】,98,4214,100%
Python开发21天入门必备（part 4）,5,27,-
Python开发21天入门必备（part 2）,5,35,-
Python开发21天入门必备（part 3）,3,41,-
Python开发21天入门必备（part 1）,18,79,100%
室内设计手绘基础到逆袭室内手绘马克笔【诚筑说】,125,4873,100%
8个UI图标icon动效玩转AE交互技术与理论【诚筑说】,118,5511,99%
UI交互新手变大神Axure原型图带你飞向PM产品经理【诚筑说】,789,1万,97%
0基础入门Web前端基础知识玩转局部布局全套精品课程【诚筑说】,25,470,100%
struts2框架开发,4,425,-
Shiro最新全套在线教程,513,4754,95%
【体系化】JavaWeb零基础全套学习（Servlet+JSP基础课程）,136,358,75%
java基础精讲（java零基础体系化入门知识学习）【恒骊学堂】,133,222,100%
【体系化】Java零基础java基础课程（JavaSE基础）【恒骊学堂】,93,244,100%
8款宜家经典家具从入门到逆袭3dsmax室内设计3dmax建模【诚筑说】,65,868,100%
Struts2全新升级课程（带实战练手项目）,21,37,100%
Android Studio高级开发【职坐标】（Android开发进阶Mini课程）,396,6419,92%
Android入门到精通｜安卓/Android开发零基础系列Ⅱ【职坐标】,1436,4万,86%
Springboot高级实战课(第二期）,250,4258,96%
室内设计_用经典Z型椅来入门家具设计【诚筑说】,7,407,100%
零基础学C语言｜人工智能与物联网开发基础系列①【职坐标】,5223,11万,92%
C++入门到精通｜人工智能与物联网开发基础系列②【职坐标】,2010,5万,85%
3ds_Max趣味上手入门课程【诚筑说】,8,194,100%
零基础Python少儿编程快乐入门PyGame小游戏【诚筑说】,1254,1192,100%
3ds_Max_cloth布料基础课程【诚筑说】,34,408,100%
精通CAD平面施工图快速入门室内设计零基础全套教程【诚筑说】,47,596,99%
JavaScript零基础(JS)课程（Java零基础精讲体系化课程）,89,134,100%
快速构建360°手机VR虚拟现实室内设计(含3dmax设置)【诚筑说】,18,712,100%
Java零基础入门完整版（包含笔记）,1188,1万,97%
IDEA开发工具Java零基础,105,231,100%
大数据与分布式架构师-公开课｜区块链/爬虫/JVM调优/机器学习,122,1万,85%
Java编程语言完整版教程｜JavaEE高级工程师-入门篇【职坐标】,8181,13万,92%
【体系化】MySQL数据库基础全套视频（Java零基础之数据库课程 ）,276,828,92%
JavaEE开发工程师进阶-Java web开发｜JS/Servle/JSP/Ajax/Jquery,404,1万,96%
零基础人工智能Python爬虫Flask入门实战图片抓取【诚筑说】,161,384,100%
PHP开发入门基础/web前端/MySQL/模板引擎/框架,1344,2万,91%
Java核心框架实战开发｜Spring/SpringMVC/Mybatis【职坐标】,754,3万,92%
【体系化】HTML+CSS网页零基础课程，Java零基础课程（阶段一）,33,89,100%
嵌入式（Linux开发基础）,751,1万,78%
Eclipse开发工具Java零基础,253,563,100%
165天逆袭Web全栈工程师（进阶篇）JS/ES6/JQuery/BootStrap,2595,9万,91%
ExtJS快速入门课（加薪必学）,88,918,100%
Java大神之路（第一季 Java基础加强）,152,3136,100%
Python轻松入门到项目实战【经典完整版】,147,1731,100%
Node.JS入门到实战教程,66,1183,100%
Web前端入门进阶教程--HTML+CSS+DIV实战,181,1354,100%
2小时MUI快速开发“源码日报”APP,172,1851,89%
微信小程序开发实战教程,531,1430,100%
前端教程-vuex+axios+es6+vue-router+elementui管理系统实践,672,2725,82%
JDBC技术教学视频,66,660,100%
Ajax核心技术,88,1653,85%
Spring大神之路-上,75,3298,96%
SpringMVC框架-上,343,6533,96%
微信公众号快速开发教程,692,6743,92%
Python公开课精选视频,10,224,33%
165天逆袭web前端工程师（入门篇）Html/CSS/JS/H5/CS3/入门项目,979,2万,90%
IDEA从入门到精通,162,2719,97%
SSO单点登录快速上手与项目实战,235,1942,95%
ASP.NET MVC+Easyui,102,901,90%
java语言开发桌面应用程序,23,623,100%
暑期商业项目班-CMS快速建站,23,1268,80%
C# WinForm,177,2449,100%
暑期商业项目班-微信公众号开发,102,3156,100%
iOS架构设计+安全攻防+底层研发,0,1万,77%
【有回放】iOS高级开发/面试/性能优化/经典框架 --八点钟学院,286,1万,94%
数据结构与算法基础-Java版,1003,4114,100%
Unity基础教程,363,1310,100%
Python入门到项目实战全套教程,8,45,100%
"零基础2小时学会建站教程,做网站建设含网站修改视频",298,2224,100%
Java基础到项目实战班精品公开课【融通学院】,44,2981,100%
小白也能学习的机器学习入门教程【学途无忧】,6,35,-
计算机原理与C语言系列课,245,542,90%
Mysql索引-底层数据结构与算法【图灵学院】,76,64,50%
Python/人工智能/高级进阶公开课,90,1555,50%
尚学堂_高淇_Java300集第三季,156,6060,90%
抖音 快手 短视频引流变现实战训练营 精准引流 公开课,843,3万,96%
2019年居民个税计算方法浅析,28,66,100%
0.嵌入式基础预科—0.2朱老师带你零基础学Linux,126,2205,100%
.NET/C#OOP与高级编程精品课【喜科堂互联教育】,97,2674,87%
从零开始搭建大数据Hadoop集群,55,148,100%
尚学堂_杨建民_4个月IOS课程之objectC预言,90,2575,100%
VR实训/UE4 C++蓝图虚幻引擎开发,140,671,100%
java小白实战项目【北邮在线】,66,80,-
AI人工智能|机器学习|大数据 -项目实战课程（自动驾驶人脸识别）,262,7884,100%
大数据未来已来，你来不来,2,2,-
Java基础语法-璇女神录播-【课工场出品】,48,37,-
大数据开发与架构师学习指南,83,113,100%
Matlab/Simulink模型工程师笔试面试宝典,84,517,100%
面向对象的MATLAB编程,175,785,100%
C#/.Net从入门到实战(MVC/Winform/Sql/WPF/Ado.Net/WCF/零基础),5285,1万,96%
网站渠道流量实时日志分析案例,14,105,100%
你不能错过的单片机课程-第1季第1部分,70,1247,90%
2018大数据暑期线上公开课,17,142,100%
Impala(on Hadoop)大数据分析引擎,40,199,83%
大数据机器学习案例之推荐系统-中阶,29,6083,90%
Hadoop大数据基础培训,303,1074,100%
C#/.NET上位机软件开发公开课vip体验课,1727,4424,97%
尚学堂_高明鑫_Android教程,515,4990,100%
《UXD全栈设计师》系列直播公开课,0,1101,-
Android基础视频教程,1100,6459,93%
Java面向对象 - 【课工场出品】,117,123,-
Python全栈|Python商业爬虫|Python数据分析|分布式Scrapy,0,2127,100%
《C4D+AE动效进阶班》系列直播公开课,0,1699,100%
JAVA架构师/性能优化/分布式架构/搜索引擎/高并发【开课吧】,45,7455,100%
Python零基础就业到高级进阶/网络爬虫/人工智能/大型实战项目,825,1万,99%
.NET/C#高级进阶/.NetCore/EF6/MVC5/设计模式/NoSql,970,4313,100%
.NET工控上位机实战系列课程,612,1631,100%
ASP.NET-MVC企业网站开发【喜科堂互联教育】,2073,1万,95%
C#从基础快速实战项目【上位机和全栈开发必会】,3314,3万,97%
C#/.NET全栈开发/BS/CS/架构/上位机/WPF/WCF【喜科堂公开课】,5646,3万,97%
0.嵌入式基础预科—0.1.嵌入式软件工程师完全学习指南,105,1321,100%
ARM那些你得知道的事儿—1.ARM裸机全集第一部分,107,2044,92%
单片机到底是个什么东西-第1季第2部分,248,2428,93%
《朱有鹏物联网大讲堂每周一课》,0,2165,100%
游戏2048Stateflow版开发,12,58,-
零基础小白如何快速学习SEO,190,1557,100%
0成本创业好项目 自媒体 新媒体讲师 头条讲师 抖音讲师 网红讲师,45,1796,100%
网站排名 SEO关键词优化 搜索百度谷歌360搜索优化 APP 网络推广,150,8636,94%
尚学堂郭崇智_C语言基础教程,1514,1万,96%
尚学堂_高淇_Java300集第二季,194,1万,72%
Java/架构师/大数据/区块链/高并发/分布式/机器学习/人工智能,383,3万,96%
JAVA基础及企业级项目实战核心技术,0,5万,97%
Java/JavaWEB/JavaEE/Spring从小白到年薪30W,0,4万,91%
JAVA架构师 JAVA高级开发【软谋教育】,6922,4万,94%
Dubbo电商平台模块调用实战精品教程【图灵学院】,194,2815,33%
IntelliJ IDEA入门到精通全攻略【图灵学院】,480,4578,-
Redis高可用集群构架原理及高并发锁实战【图灵学院】,750,6418,63%
尚学堂郭崇智10天学会Objective-C教程,77,6588,100%
Linux中的文件IO—4.Linux应用编程和网络编程第一部分,49,683,100%
基于Spring Cloud的分布式微服务项目-大觅网实战,357,1237,81%
AI人工智能 机器学习 深度学习VIP实战就业班(人脸识别 自动驾驶),161,1万,100%
【腾讯NEXT-AI特训班】人工智能高薪就业班试听课,4746,2万,98%
实战中深入学习框架：SpringBoot【学途无忧】,8,37,-
Excel 电商数据分析与应用系列教程【学途无忧】,18,45,-
互联网+社群运营特训班,0,832,-
Java微信小程序开发从基础到项目实战班【融通学院】,130,6269,90%
Java微信小程序开发从基础到项目实战班【融通学院】,0,959,100%
Java微信二次开发从基础到项目实战【融通学院】,510,1万,98%
C++开发工程师实战班【融通学院】,0,214,-
海会网络自助建站平台前台网站建设页面设计操作视频(全套),32,1万,-
0基础网站建设网站开发网页设计无需web前端开发htmldivcss等基础,62,3万,90%
自助建站 零基础10分钟快速建站 网站建设教程  实例演示加讲解,55,2万,-
高薪UI设计 交互式UI/UE/PS/APP设计/交互设计/AE动效,66,143,100%
零基础30分钟快速建站教程 全程实例演示搭建网站视频,72,4104,100%
北邮在线高端专业网络优化课程，每期爆满,0,95,100%
java小白实战项目【北邮在线】,0,219,100%
Python/机器学习/深度学习/ROS/图像识别/自然语言【楚才国科】,0,6027,100%
机器学习/NLP/深度学习/知识图谱【贪心学院】,2009,6439,100%
0基础如何用3个月学会机器学习,18,1846,91%
web前端开发从基础到项目实战【融通学院】,0,214,-
springboot快速入门,44,1811,89%
【城市数据团 | 大鹏教你玩数据2016_第四期】夺人眼球的动态图表,13,4184,100%
大数据+Python从入门到精通,0,5989,100%
大数据Hadoop离线/实时数据处理机器学习Flink/Spark/Storm_咕泡,706,1万,96%
Oarcle、SQL、PLSQL全套教程(Oarcle上),185,1万,92%
计算机编程基础,136,501,100%
Unity游戏开发系统教程—C#编程基础,122,616,-
Git/GitHub视频教程,423,1754,100%
Python开发/自动化/网络爬虫/运维/从入门到精通【动脑学院】,2008,5万,94%
Python高级开发/ Flask 爬虫/ Openstack Django【学神IT】,5009,3万,98%
Python 完全零基础入门精讲 【优品课堂】,593,6万,98%
【贪心学院独家直播】2018日知录数据智能峰会,0,370,-
深入浅出带你学Python冲击年薪30万【马哥教育】,6842,11万,94%
2019未来杯高校AI挑战赛【赛前指导】,58,411,100%
2017 同步北京李兴华JAVA基础班,7,183,100%
【城市数据研习社_大咖讲堂_第五期】刘淼,5,2798,100%
【城市数据研习社_大咖讲堂_第六期】李栋,4,2645,100%
尚硅谷JDBC视频_从入门到精通,49,3498,91%
Java核心技术20天Java入门到精通,165,5268,95%
尚硅谷_ORACLE、SQL、PLSQL数据库视频(下),45,5808,81%
C/C++ linux服务器开发 / 后台服务架构【动脑学院】,3847,2万,98%
C#完全零基础入门精讲 完整版 【优品课堂】,18,2万,99%
Python开发入门与爬虫项目实战,1685,1万,89%
《Python入门必备指南》之如何系统地自学 Python？,431,3955,100%
马哥python教程-零基础Python快速入门教程,1467,4619,100%
python爬虫教程-马哥全新Python商业爬虫实战,652,4810,100%
python基础教程-马哥7天共学Python入门基础课程,1611,6967,100%
尚硅谷JavaSE实战_Bank项目,30,1493,100%
(上)尚硅谷JavaWEB视频，涵盖：Tomcat、Servlet、JSP、MVC,211,2万,92%
Java基础就业攻略,16,1030,100%
尚硅谷JavaScript DOM全套视频,21,3231,85%
尚硅谷直播课堂,0,3万,98%
Python高级开发项目实战班！,32,2015,100%
HTML+CSS基础10天精通【学神IT教育】,495,8573,97%
For老师-WEB前端开发-JavaScript-Jquery【学神IT教育】,37,1万,96%
Python大数据实战-后台开发-网站案例分析,397,1万,94%
Python运维开发+自动化测试（Django Flask）-速成课程【学神IT】,2594,2万,99%
(中)尚硅谷JavaWEB视频教程，含：JavaBean、Cookie、HttpSession,54,7846,88%
(下)尚硅谷JavaWEB视频，涵盖：EL、JSTL、文件上传等,26,5956,85%
高级架构师带你-零基础零障碍学习C语言,3280,5万,92%
尚硅谷Javaweb实战_书城项目案例,64,4466,63%
尚硅谷WebService视频教程,241,8880,94%
尚硅谷Spring4.0视频教程（上）,118,1万,94%
尚硅谷MyBatis视频教程（国内首套：源码级讲授的MyBatis视频）,719,1万,98%
NodeJS核心技术视频,525,3421,100%
尚硅谷Ajax全套视频教程,65,1万,86%
尚硅谷jQuery全套教程,29,9352,90%
【城市数据研习社_大咖讲堂_第三期】刘啸/上海数慧,12,3296,100%
Head老师-零基础学习WEB前端-JavaScript精编-【学神IT教育】,340,3万,98%
【城市数据研习社】大咖讲堂,63,4074,100%
JAVA、架构师、大数据直播,264,247,100%
手把手Java8编程入门【魔乐科技】,15,1239,100%
2016JAVA+大数据讲座,8,469,100%
人工智能/Python全栈/机器学习/爬虫/数据分析【贪心学院】,399,3314,75%
魔乐科技ORALCE数据库2015版,21,3706,95%
尚硅谷JavaEE视频之Struts2,41,7103,83%
尚硅谷JavaScript视频（140集实战教学，从入门到精通）,58,1887,94%
尚硅谷jQuery视频（高级前端工程师的必备利器）,54,1597,91%
尚硅谷JavaEE视频之Struts2（下）,16,3541,100%
尚硅谷Hibernate4视频教程,52,6985,95%
尚硅谷Spring4.0视频教程（上）,529,3909,100%
尚硅谷SpringMVC视频,312,8786,93%
CD-Linux高级运维架构师课程/云计算/安全/docker/虚拟化/调优,316,3万,99%
RHCA-RHCE认证考试+红帽官方授权+Linux架构师【学神IT】,4638,4万,99%
MK-Linux高级运维 大师级课程 云计算 mysql数据库 centos7,6985,5万,98%
MAVEN视频教程,335,2168,97%
微信公众号开发-Java版,751,2923,100%
SQL优化（MySQL版；不适合初学者，需有数据库基础）,524,3685,95%
Java Web视频教程（JSP/Servlet/上传/下载/分页/MVC/三层架构）,734,3001,100%
尚学堂大欢教你5天打造直播app,184,2995,100%
Java爬虫项目实战-搜索引擎|网络爬虫|网页抓取,206,604,100%
尚硅谷HTML+CSS 核心基础教程（103集实战教学，从入门到精通）,16,550,60%
尚硅谷Android视频《EventBus》,54,673,100%
尚硅谷Android视频《Banner》,10,308,-
尚硅谷Spring4.0视频教程（下）,35,7624,100%
尚硅谷Spring4.0视频教程（下）,165,2282,100%
网络工程师-公开课,0,86,-
成功的开始学习了,0,167,-
CCNA-CCNP-CCIE直通车-网络工程师-思科华为双厂商专家认证,95,1万,98%
kali实战全方位安全攻防/系统漏洞/密码劫持/Web渗透测试,1642,2万,99%
尚硅谷Android视频《自定义控件》,31,1615,90%
尚硅谷Android视频《OpenDanmaku弹幕》,5,210,-
尚硅谷Android视频《Pulltorefresh》,12,297,100%
尚硅谷Android视频《JSON解析》,107,1648,100%
尚硅谷Android视频《OKHttp》,112,1542,100%
尚硅谷Android视频《ButterKnife》,17,300,100%
尚硅谷Android视频《xUtils3》,24,416,100%
尚硅谷Android视频《Glide》,39,473,100%
(中)尚硅谷JavaWEB视频教程，含：JavaBean、Cookie、HttpSession,32,1279,50%
120天带你逆袭攻城狮|（Java/Python/UI/平面零基础-入门到精通）,3,266,100%
(下)尚硅谷JavaWEB视频，涵盖：EL、JSTL、文件上传等,56,1198,100%
尚硅谷Android视频《TabLayout 、 ViewPager》,25,365,66%
Bootstrap框架项目实战 WEB前端|Java开发-万和IT教育,83,1643,90%
APICloud实战培训-7天开发一款主流电商APP,645,3301,98%
MATLAB中的正则表达式应用,12,192,100%
次世代3D建模软件介绍,1,4,-
Android从入门到实战,106,2496,100%
0.嵌入式基础预科—0.3嵌入式Linux C语言完全学习视频课程,207,2281,100%
尚硅谷Android视频《Afinal》,6,181,-
尚硅谷Android视频《Fresco》,7,271,-
尚硅谷Android视频《JNI》,66,1945,94%
尚硅谷Android视频《软件框架搭建》,62,1036,100%
尚硅谷Android视频《Volley》,17,431,100%
尚硅谷Android视频《UniversalVideoView》,6,172,-
尚硅谷Android视频《RecyclerView》,75,862,100%
尚硅谷Android视频《手机影音_项目实战》,69,1343,100%
尚硅谷Android视频《ImageLoader》,9,186,-
TabLayout组件讲解及开发框架经验分享,82,270,100%
如何使用sublime Text3开发移动应用【APICloud】,60,207,-
尚硅谷Android视频《15天精讲精练_参悟Android核心技术》,73,1022,100%
Zbrush人体结构基础教学篇,37,31,100%
Maya|3DMAX|ZBrush|Substance|3D游戏建模|次时代全流程,1117,6816,97%
UE4纯C++与Slate开发沙盒游戏,211,2064,90%
启明星数字雕塑 ZBrush4R8 中文版-零基础入门教程,29,1710,96%
Web项目如何快速完成APICloud App的开发？,37,493,-
30分钟打造Android万能播放器,10,1708,50%
APICloud移动APP开发教学系列课程,74,731,100%
APP快速开发从0到1（轻松开发Anroid、iOS原生应用）【APICloud】,227,754,100%
基于vue和hplus通用后台管理系统(前端篇)-（1）首页,36,20,-
尚硅谷Android视频《源码框架分析》,17,583,-
基于Matlab的游戏开发,66,343,-
尚硅谷Android视频《硅谷新闻_项目实战》,68,888,100%
Unity3D(U3D)从零打造王者荣耀·第一季：Unity基础操作,2679,2万,98%
人工智能商业实战AI深度学习/机器学习/Python/大数据_咕泡教育,1594,3537,100%
3Ds Max游戏动作设计-基础演示,38,408,100%
ArcGIS入门-空间数据与空间分析,30,627,50%
UE4全反射零耦合框架开发坦克大战,89,638,100%
Spring Boot 教程全集,281,473,-
厚昌学院公开课：信息流广告流量控制技巧,345,228,-
【黑马程序员】Java高级教程Activiti工作流视频,330,757,100%
免费Python全栈django爬虫人工智能数据分析,161,696,100%
Git版本控制你需要掌握 [PHP实战],203,1245,100%
手机微信开发,245,3159,100%
响应式布局-BootStrap快速上手,532,1778,100%
Appium移动app自动化测试高手修炼班Vip体验班,101,522,100%
人工智能之深度学习免费公开课【大讲台】,61,144,100%
数据可视化利器之Tableau轻松入门,113,726,100%
Rabbitmq企业级消息队列,591,2968,90%
[爱前端]Web前端开发之Canvas,206,1095,100%
微信小程序前端程序设计和JS入门到精通,312,418,100%
Java高级架构师/分布式/SpringBoot/SpringCloud,183,254,100%
HTML5+CSS3 权威基础教程 - QQ空间、小米首页实战【红点工场】,205,658,100%
java进阶教程Gradle入门到精通,125,557,100%
免费Linux运维从零到删库大全,0,108,-
金融企业级区块链开发核心基础kotlin教程,68,641,100%
phpstorm最强的PHP开发工具,113,721,100%
thinkphp5.1框架入门到精通,142,1104,87%
Java高级架构师专题课程/高并发/分布式/高性能【千锋教育】,44,3216,100%
大数据电商用户画像免费公开课,14,31,-
Maven框架从入门到实战,517,3544,93%
爱前端288道独家内部企业级前端面试题助你对标阿里P6,632,711,100%
PHP7基础到全栈开发-Swoole/Laravel/TP5/项目实战【千锋教育】,406,4530,100%
[爱前端]前端流行框架Reactjs从入门到实战,77,744,75%
[爱前端]从入门到深入Node.js开发实战,173,1330,94%
JavaScript(js) 小白轻松入门【红点工场】,88,486,100%
Bootstrap从入门到实战实用教程 - Web前端 - 【红点工场】,262,820,100%
【2019新春更新】一学就会的React官方教程 -Web前端【红点工场】,762,2118,100%
JFinal快速开发（仿站）全栈开发自由职业者福利年入百万不是梦,0,49,-
Java高级课程完整版/SpringBoot/SpringMVC【欣睿教育】,82,98,-
JavaEE企业开发（就业班）,8,15,-
零基础和有基础如何学习微信小程序,108,88,100%
Java零基础入门（java基础精通到实战）,16,48,-
JavaEE精讲之MyBatis框架实战,235,2977,90%
Node.js全栈开发班 - 试学【红点工场】,72,419,-
HTML5基础知识实战演练,26,84,-
HTML入门到精通,33,84,-
名师带你学习angular前端框架【爱前端】,76,2342,100%
微信小程序框架的制作,854,751,100%
Dubbo+ZooKeeper分布式系统架构基础,622,5491,89%
Python全栈开发/爬虫/人工智能/机器学习/数据分析【千锋】,2352,6233,99%
0基础构建Hadoop/Spark大数据平台【大讲台】,12,45,-
【架构师分享】大数据高薪技能Hadoop/Spark/Flink/机器学习/面试,45,153,100%
Flink大数据项目实战公开课【大讲台】,103,207,100%
大数据实战：分布式集群搭建（CDH5）【大讲台】,137,271,-
软件测试速成入门（零基础）性能 |自动化测试|大数据|人工智能,53,197,100%
前端H5架构师进阶VIP体验课,968,1395,100%
Web前端小程序/HTML5/CSS/JS/jQuery/Vue[千锋],3700,8920,99%
实战基于Django+Bootstrap+Mysql的创客网全栈开发技术,11,51,-
【北风网出品】玩转H5之炫酷特效（h5、css3、javascript、jQ）,0,132,-
Selenium自动化测试实战班Vip体验课,20,85,100%
实战基于Django+Bootstrap+Mysql的创客网全栈开发技术,50,250,100%
【北风网出品】深入浅出Extjs4.1.1,93,501,100%
【北风网出品】H5高级前端全栈工程师在线培训互动直播课,0,740,-
快速精通接口测试实战vip体验课 |Ajax|JS|Jmeter|ORM【Atstudy】,51,133,-
区块链深度实战 |比特币/以太坊/智能合约/Go/数字加密/DAPP全栈,889,3586,100%
SoapUI让你轻松完整WebService接口测试Vip体验课,59,392,75%
学Web接口测试从入门到精通,89,249,100%
后盾人PHP进阶实战技术每天直播,30,1342,100%
向军大叔晚8点实战PHP/JavaScript/Mysql/Swoole/Laravel/Vue.js,275,1548,100%
2018年WEB前端全栈教程之html/divcss/js/jq/h5/css3/app,511,3403,94%
向军大叔晚8点实战PHP/JavaScript/Mysql/Swoole/Laravel/Vue.js,275,1548,100%
免费PHP全栈课程大全包含php语言框架实战,12,66,-
28节快速玩转微信小程序,1281,1771,100%
Go语言Web开发Beego框架深入浅出【黑马程序员出品】,215,745,100%
免费JAVA从零开始全栈课程,31,102,-
区块链视频教程②：Go编程语言基础篇,145,1647,88%
四天带你精通各类前端JS轮播图效果,177,1120,90%
GIT版本控制与laravel框架,0,45,-
jQuery ajax数据交互,137,1060,78%
厚昌学院每日一问：竞价推广增加或降低预算，如何保证推广效果,22,19,-
web前端实战之JavaScript之ES6语法教程,139,565,100%
区块链视频教程①：零基础也能学区块链,100,489,-
20小时快速入门Go语言,97,1907,84%
Flink快速应用篇,105,287,-
快速上手SpringCloud,187,415,60%
Presto快速入门,28,36,-
基于Dubbo的分布式系统架构实战,81,242,-
php之cookie的使用以及原理实战,43,242,100%
新媒体微信公众号运营变现H5原创收益公开课,162,185,100%
php之session的使用以及原理实战,67,214,100%
【数据结构 JavaScript版】- web前端开发精品课程【红点工场】,196,967,100%
明哥聊求职 | 面试技巧/求职简历/大学生面试/实习生,176,493,100%
Laravel5.6 模块化公众号与小程序系统（免费试听）,60,568,66%
ASP从入门到精通视频课程,268,688,100%
HCIE-Cloud考试指南,40,425,100%
小新Power BI课堂 1小时入门篇,111,106,100%
前端综合课程(html/css/布局实战/vue/react/node/ts/es6),139,352,100%
php环境之windows下各种环境的搭建,72,157,100%
零基础学习PHP之HTML+CSS入门到实战(第一季),69,686,90%
DevOps 工具链最佳实践,1551,5522,90%
尚学堂尹鸿大数据之R语言速成实战,171,4721,100%
Jenkins与Docker的自动化CI/CD实战（旧版）,206,409,-
Jenkins与Docker/Kubernetes的自动化CI/CD实践,567,1066,100%
30分钟部署一个Kubernetes集群,98,177,100%
一个IT人的修养与职业发展,931,1057,100%
高级运维工程师打怪升级之路,46,78,-
1 天入门Kubernetes/K8S,1047,2106,100%
时诺教育云计算直通车-阶段1-预科,38,34,-
1天掌握Docker,692,2127,83%
明哥聊求职,42,131,-
兄弟连Linux网络管理视频教程,118,2648,83%
史上最牛的Linux视频教程,712,8250,98%
SVN从入门到企业实战开发,322,1443,100%
Shell脚本编写实战,172,1211,100%
Linux高级运维工程师,14,351,80%
中大型网站架构演变之路,41,499,100%
16年专业认证培训 专业辅导 华为认证项目实战 HCNA/HCNP/HCIE,4377,2万,96%
吕鑫：VC++就业培训宝典（最博大精深的MFC视频教程）,275,7355,100%
[免费版]C++网络通信引擎架构与实现(服务端+客户端+跨平台)v1.0,188,479,100%
Java系列技术之Hibernate5,213,1287,100%
文案盈利36计（第一季）推广文案/创意文案/软文20分钟学一个职位,480,1638,100%
php环境手动编译安装lnmp,91,229,100%
PHP面试题详解,163,1461,100%
【IT峰播】兄弟连高洛峰2015版 DIV+CSS视频教程,12,1112,100%
【IT峰播】兄弟连高洛峰2015版 CSS3视频教程,20,984,100%
Java架构师企业级技术框架及选型【熵增】,43,547,100%
Harbor企业级容器镜像仓库,59,260,100%
Linux服务器,139,2387,100%
Python网络编程录播视频-第一天课程,31,138,100%
录播课 Cisco CCNP 思科认证网络工程师-红茶三杯 路由交换RS,258,7101,100%
思科认证数据中心（DC）方向Cisco datecenter,53,1万,98%
吕鑫：VS2015之最博大精深的Linux高性能服务器项目开发视频教程,66,1269,100%
吕鑫：VS2015之博大精深的0基础C语言视频教程,362,4615,92%
吕鑫：VS2015之博大精深的MFC网络游戏开发,593,4526,97%
文案盈利36计（第三季）互联网产品策划  敏感词规避,91,694,100%
初级文案入门课程 文案新人必学 广告文案==》新媒体文案,41,1020,71%
华为HCNA-HNTD(HCDA)认证网络工程师培训课程,29,129,-
WEB前端案例（面向对象/jquery/flex/nodejs/mongodb/react/vue）,304,4996,99%
基于HttpRunner的接口自动化测试平台快速构建,101,1046,100%
安全公开课 思科网络认证工程师 Cisco Security CCNA/CCNP/CCIE,381,4605,100%
基于Python的WEB和爬虫开发入门-在线直播课,0,863,-
Python网络编程实战免费试学课,171,121,100%
2018.Kali与Python黑客视频课程-讲师：现任明教教主秦柯,331,2889,100%
快速入门Android开发 AndroidStudio+Java+Gradle,648,532,100%
明明白白学git【布尔教育】,408,7453,95%
“微信公众号”基础概念课堂,260,1484,100%
精细化就业指导_简历求职面试技巧_测试/Java/前端【独孤码农】,105,418,100%
网络整合营销18般武艺-网络营销从入门到精通,223,3457,96%
JavaScript框架Angular2深入浅出(从入门到开发),121,301,-
U3D游戏开发第一季：从零开始学C#,1051,8361,94%
网络工程师全面速成学习班   思科CCNA/CCNP/CCIE,584,373,100%
公开课丨华为HCIE-DC数据中心  SDN网络技术的前世今生【誉天】,83,536,100%
誉天HCIE-RS 3.0发布会----揭开3.0版本面纱,57,849,100%
Oracle OCA OCP从入门到精通【数据库核心文件三少爷】,411,1112,100%
Linux核心知识及性能监控,44,1007,100%
Selenium自动化测试实战,149,2620,100%
基于Python的接口自动化测试,209,2869,100%
Python语言入门实战系列视频（一）,61,538,100%
Typescript从0到1,165,337,83%
小程序42朵奇葩说,5,16,-
Java框架完整版四阶段/零基础入门/架构师/全栈开发【独孤码农】,34,119,-
Java数据库oracle/零基础教程/架构师/全栈开发【独孤码农】,76,377,100%
建设营销型网站的5大要素,11,977,100%
Vue实战项目(在线翻译),316,4757,100%
存储HCIE2.0新版解密——三招掌握企业级容灾双活解决方案,0,353,100%
Web前端/全栈核心(html/css/js/vue/react/angular/nuxt/mongo),630,5020,100%
Redis核心技术应用,379,821,100%
用Unity从0打造大型网络游戏（MMORPG）,1089,5013,100%
Python语言入门实战系列视频（二）,18,27,-
慧测Java编程系列视频(上),5,102,50%
测试/Java/前端/PHP/UI/培训前中后心态/就业/靠谱【独孤码农】,3,17,100%
存储HCIE2.0新版解密——三招掌握企业级容灾双活解决方案（二）,0,185,100%
Java开发基础/零基础入门/架构师/全栈开发/自学培训【独孤码农】,5,98,100%
快速入门JavaScript原生Ajax,524,4193,97%
U3D游戏开发第二季：U3D引擎基础操作,282,1458,100%
零基础学习Git版本管理工具(从入门到实战),1195,5322,98%
JavaScript框架Vue深入浅出(从入门到开发),498,6635,98%
Vue2.0-Cli3.x最新入门教程(基础+实战+vuex+axios+全网最火教程),5396,2万,99%
《微信自媒体速成系统》商梦网校网络营销推广引流培训课程,16,1362,95%
快速开展QQ营销的7个秘诀,20,1294,94%
《微信小视频制作宝典》商梦网校网络营销推广引流培训课程,57,1633,100%
《无敌QQ营销术》商梦网校网络营销推广引流培训课程,55,1万,89%
SVN启发引导式全套讲解/软件测试/Java开发【独孤码农】,15,48,100%
测试开发班/零基础/功能/性能/安全/接口/python/Java/辅导答疑课,0,192,-
社区团购平台小程序100问,35,52,-
微选小程序与微信公众号课堂,75,507,100%
“微信公众号”运营入门,817,3093,100%
存储HCIE2.0新版解密——三招掌握企业级容灾双活解决方案（二）,0,185,100%
memcached高性能集群【布尔教育】,46,1720,100%
Java精彩实战,7,810,100%
【长年有课】PHP 0基础到就业 系统实战【布尔教育】,12,2375,94%
PHP 3小时光速入门【布尔教育】,152,3932,96%
Nginx 实战+负载均衡【布尔教育】,416,6916,92%
《零基本建站教程》商梦网校网络营销推广引流培训课程,52,2万,94%
威客接任务赚钱【赚多少你决定】商梦网校网络营销推广引流课程,25,976,100%
《Zblog博客建站技术》商梦网校网络营销推广引流培训课程,15,555,100%
《Discuz论坛建站教程》商梦网校网络营销推广引流培训课程,25,2229,97%
如何24小时监控你的网站状态『一恒网销学』,5,171,100%
如何登录多个PC版微信『一恒网销学』,11,218,100%
C#基础入门,177,391,100%
《Python轻松学》配套视频,59,472,100%
教主年费VIP试听视频-教主技术进化论 扩大技术边界,29,351,100%
JavaScript高级【布尔教育】,20,1687,100%
别怕，跟我学前端,21,1305,100%
存储HCIE大咖带你三个月高薪就业【誉天教育】,73,1409,100%
免费AI教程/零基础学AI/AI公开课/AI基础课/Illustrator cc,308,215,-
《分类信息月入6000实战》商梦网校网络营销推广引流培训课程,17,1767,95%
《Wordpress博客建站技术》-商梦网校网络营销推广引流培训课程,55,2210,90%
2019软考--系统架构设计师--免费视频课程,55,148,-
新媒体营销|原创自媒体|头条号企鹅号大鱼号百家号爆文技巧,56,267,-
前端开发之企业级京东商城HTML/CSS【JS++前端】,87,358,-
CISSP认证学习公开课,72,77,-
助教 班主任 销售 实战培训手册 看完就会实操，快速成为高手,66,145,-
头条号0基础快速入门,32,23,-
华为大数据HCNA-HCNP-HCIE培训认证试听学习视频,22,106,-
郁金香x64驱动课程,78,378,-
前端工程师成长道路【布尔教育】,11,332,100%
HTML5 弹球游戏开发【布尔教育】,22,560,100%
2小时起飞AugularJS【布尔教育】,3,604,100%
思科CCNA-CCNP-CCIE认证（Security）-全方位了解网络安全,74,2569,100%
大数据之Lucene索引及分词,25,68,100%
计算机二级全套真题解析,18754,2万,99%
任鸟飞3D大型游戏辅助开发(免费20课),163,394,100%
郁金香零基础C++外挂课程,289,614,100%
"任鸟飞逆向之辅助,脚本,内存,封包,外挂与反外挂基础免费版",339,1622,98%
江中游移动安卓IOS按键精灵零基础教学,178,539,100%
Triple HCIE认证专家教你Hadoop大数据速成实战【誉天教育】,12,194,100%
【邹SIR亲授】云计算Docker精华课程,523,443,100%
原生OpenStack部署及公有云（精华版）-邹圣林,177,860,100%
【邹Sir精讲】云计算系列公开课之openstack精讲,531,1665,100%
大数据课程,37,45,100%
【腾然教育】头条号 百家号 企鹅号 趣头条 新媒体 自媒体运营,2351,1万,91%
【腾然教育】企鹅号0基础快速入门,163,308,-
【腾然教育】百家号 自媒体 新媒体 短视频赚钱基础入门课程,270,3655,94%
公开直播课,38,452,100%
同大-大一计算机期末考试,70,591,100%
江中游易语言按键入门(免费23课),282,312,-
【腾然教育】自媒体概述,94,277,100%
21天，声音训练营让好声音成为你的竞争力,102,430,85%
抖音 快手 短视频引流变现实战训练营 精准引流 公开课,465,1171,100%
黑科技--不会PS，也可以10分钟做一张疯传朋友圈的海报,85,436,100%
【腾然教育】企鹅号 自媒体 新媒体 基础必修课,121,2687,86%
知识变现，微课 网课 0成本兼职创业 做互联网讲师 老师 网师,555,1万,97%
前端开发之HTML/CSS网页设计指南【JS++前端】,208,617,100%
『不止于就业』的前端技术之『JavaScript深度指南』【JS++】,2849,4741,99%
【精品推荐】抖音快手|超短视频引流吸粉赚钱|自媒体|新媒体,710,1438,93%
腾讯课堂平台系统推荐的秘密，让流量疯长,43,275,100%
骷髅天涯明月刀逆向课程（免费20课）,144,293,100%
【精品推荐】自媒体|新媒体运营 头条抖音大鱼百家企鹅号爆文赚钱,1470,3584,100%
大数据java爬虫,71,429,75%
UI/UE设计UI免费课程 APP/网页/交互设计/动效设计 高薪实战班,22,16,-
PS电商美工设计：主图和banner图及详情设计/广告图设计的营销力,40,36,-
深信服系列课程视频---网络安全必修课,112,4035,75%
全方向网络工程师课程-思科CCNA/华为HCNA/华三H3CSE/锐捷RCNA,1904,7278,98%
【HCNA系列】华为HCNA/HCDA加长版录播视频,166,3963,84%
前端开发之VueJS技术深度指南【JS++前端】,248,1492,100%
2018.Kali与Python黑客视频课程-讲师：现任明教教主秦柯,331,2889,100%
华为HCDA/HCNA认证V2.1全新加长版课程,0,8730,99%
教主年费VIP试听视频-教主技术进化论 扩大技术边界,29,351,100%
誉天HCNA-Cloud华为云计算认证视频,26,120,-
区块链教程-Go语言从入门到精通1-基础篇,105,205,-
2019年软考系统分析师--免费视频课程,51,130,-
2019软考网络规划设计师-免费视频课程,36,107,-
自媒体 抖音 自媒体 企鹅号 头条号 大鱼号 百家号 今日头条引流,213,99,-
华为HCNA认证免费直播课-网络工程师必修课,46,2402,100%
Java分布式/高并发/消息队列/Kafka【熵增】,300,784,100%
Java多线程/JVM虚拟机/WEB协议【熵增】,771,1738,97%
Java分布式架构/SpringCloud/SpringMVC源码/SpringBoot【熵增】,2091,5285,95%
自媒体网赚|新媒体今日头条号 抖音 企鹅大鱼百家号,4,30,-
媒体 抖音 自媒体 企鹅号 头条号 大鱼号 百家号 今日头条,289,95,-
【中文字幕】2018 MIT 6.S094 麻省理工深度学习和自动驾驶课程,90,230,100%
Oracle精讲,280,260,-
软件测试技术线上分享会【测试帮日记】,18,274,100%
接口/自动化/docker/Jenkins/App测试 公开课【霍格沃兹学院】,981,7291,95%
Node.JS Express后端服务器框架 后端编程开发【饥人谷】,298,1864,100%
网页设计制作DW、DIV+CSS、WEB前端等全套免费基础教程,454,7703,96%
javascript 快速进阶教程,46,844,100%
第三届全国大学生集成电路创新创业大赛（集创赛）企业杯赛培训,291,320,-
韩老师直播-计算机网络原理,269,1442,100%
Tophatter直播——关于选品，你需要了解的一切,245,154,-
区块链技术开发（比特币/公链开发/以太坊/EOS/DAPP/钱包/交易所,117,894,100%
【超级数学建模|公开课】数学建模Matlab快速入门,1234,1万,94%
C语言9天学会【创客学院】,373,1282,100%
SpringMVC+Mybatis整合视频教程【免费学习】,249,2428,94%
Web前端MVVM框架Vue.js React.js   Angular.js  node.js,363,324,100%
【中文字幕】2017春季CS231n 斯坦福深度视觉识别课,38,72,-
【中英字幕】CS224n 斯坦福深度自然语言处理课,247,731,100%
即学即会前端精讲,2,6,-
阿里工程师 前端面试你不知道的事 网页制作网站开发 【饥人谷】,89,1079,100%
微信小程序UI框架、uniApp UI框架 - graceUI  教程,1058,3343,80%
跨平台APP开发框架 - MUI 全套教程,985,1万,92%
Elasticsearch入门到精通视频教程【免费学习】,580,1616,64%
入驻Tophatter,99,65,-
web前端开发之webpack gulp,68,39,-
Web前端开发之Html+css教程,311,203,98%
Web前端之VUE.js(javascript)【金渡教育】,1162,938,100%
SpringCloud入门到精通视频教程【免费学习】,1601,1万,87%
Java架构技术/微服务技术/互联网技术/架构师公开课【每特教育】,3264,1万,95%
嵌入式之9天学会C语言【创客学院】,802,5307,100%
创客学院-Unity3D入门总览,15,804,88%
SpringBoot入门到精通视频教程【免费学习】,2108,1万,87%
JavaScript/前端JS入门到精通实战 【创客学院】,35,1573,83%
HUI 移动端UI开发框架全接触,154,2033,92%
Python零基础入门到实战精通,26,334,-
Excel高手技巧,730,1万,100%
【超级数学建模|公开课】Python机器学习—泰坦尼克号获救预测,240,9270,98%
EOS：IPFS 落地的重要途径,13,197,-
2018全国大学生集成电路创新创业大赛直播答疑,0,334,-
2018全国大学生集成电路创新创业大赛直播答疑,0,296,-
2018全国大学生集成电路创新创业大赛赛事培训,47,560,-
模拟CMOS集成电路设计,157,638,100%
模拟集成电路设计流程,258,1341,100%
高效php框架 - phpGrace 框架教程,83,499,75%
【精品】直播+录播高端设计 从零开始三个月实战就业,2136,4万,99%
Word零基础入门  ▎[Word小白脱白系列]全套教程（免费课程）,9655,8万,98%
【全套】Excel/WPS零基础入门(电子表格)小白脱白系列,18291,22万,99%
AutoCAD基础入门视频 cad室内设计教程,1846,2万,99%
前端实战：教你用vue.js做个TODO List,71,1466,100%
【全套视频】PS基础入门教程+Photoshop实战精品课程 林兆胜主讲,7804,14万,94%
HTML5+CSS3高级实战：阿里前端大神教你实现3D轮播 【饥人谷】,75,1993,100%
前端实战：使用Vue.js做炫酷的简历,78,2359,50%
BAT资深前端工程师教你从0到掌握四个前端经典实战项目【饥人谷】,39,6006,94%
TesterHome社区测试开发公开课,632,587,-
中国式创业,10,35,-
Appium自动化测试与自动遍历测试入门,669,4228,100%
灵动微电子MM32 MCU 使用分享,29,109,-
Excel-VBA零基础入门  ▎[VBA小白脱白系列]免费全套教程,1354,2万,97%
Axure视频教程：AxureRP8零基础到全面精通（自学视频，更新中）,777,1万,80%
Premiere视频教程从零基础到全面精通,288,7695,88%
【全套】PPT教程PPT零基础 PPT入门小白脱白系列,3885,4万,91%
【全套视频】CDR软件入门+案例教学【部落窝教育】,607,1万,97%
前端实战：jQuery实现轮播组件,88,643,100%
前端求职指南：简历-面试  网页制作 网站开发,63,778,100%
互联网公司测试流程与技术体系,0,471,100%
PS案例实战公开课,156,2万,99%
如何学习性能、自动化、手机APP测试,78,592,-
自动化测试学习指南,4,114,-
摄影影视后期公开课教室,0,1万,99%
性能测试学习指南,10,103,-
测试工程师职业发展漫谈,16,65,-
Java零基础入门到企业应用开发,0,28,100%
Java，Python，人工智能分享【码歌学院】,103,562,-
深度学习入门基础——算法工程师带你读AI圣经《Deep Learning》,117,3972,85%
白盒单元测试学习指南,36,247,100%
WEB前端就业班，冲击月薪15K，免费公开课,231,264,100%
09大前端全栈-node+vue+react+es6+webpack,427,2174,100%
尚硅谷Java视频教程_IDEA视频教程,331,2456,100%
自媒体 抖音 自媒体 企鹅号 头条号 大鱼号 百家号 今日头条,3624,2686,96%
区块链教程 | EOS知识详解/智能合约/ICO,29,148,100%
区块链技术开发-Go语言Windows系统开发环境配置,25,119,-
区块链教程 | 以太坊详解/solidity/面向对象/数据结构,11,169,-
Go语言实战：驾考系统,164,249,-
区块链开发基础 | Go语言语法基础+进阶,0,1099,90%
老马前端系列-06-JS与DOM特效教程,95,725,100%
HTML5+CSS3实现响应式网站案例,345,1372,100%
性能测试loadrunner实战,151,1316,100%
软件测试自学/面试/接口/压力/自动化/性能/入门到精通【Dotest】,171,2571,98%
PHP软件开发,293,4015,100%
C语言零基础入门到项目实战,345,227,100%
【尚观教育】Java大数据入门级精讲之zookeeper集群的搭建,86,425,100%
微信公众号之JS-SDK开发【php实战】,286,898,100%
Unity从小白到超神 公开课,150,2063,100%
华为安全HCNA SEC零基础入门录播视频全集,85,2151,100%
白鹭lakeshore游戏开发入门课程,125,552,100%
Angular4企业级实战项目(用户管理系统),140,376,100%
如何快速、顺利通过软考 “系统集成项目管理工程师”考试,140,1583,100%
WOLF实验室思科CCNP课程之BGP精讲,86,398,100%
DragonBonesPro龙骨动画,63,449,100%
教主技术进化论-腾讯微课堂 现任明教教主秦柯每周更新,115,977,100%
大数据所需Linux技能（精华实战版）-誉天邹圣林,48,208,100%
软件测试-自动化【Dotest】,20,106,-
软件测试-公开课-不一样的学习方式【Dotest】,11,416,100%
白鹭教育 - 成语大挑战小游戏开发,110,1076,94%
白鹭重度微信小游戏优化技巧,62,281,100%
Linux云计算之原生OpenStack学习,63,326,100%
誉天-Linux运维-红帽RHCE认证基础入门,70,347,100%
【邹Sir直播】Linux脚本实现无人值守的自动化安装和配置,45,392,100%
白鹭教育-跳一跳类小游戏详解,168,1011,100%
WOLF HCNA全套课程-为零基础、初学者量身打造-理论与配置案例,727,957,100%
WOLF实验室CCNA全套经典课程-为零基础、初学者量身打造,1332,2096,100%
Unity从小白到超神 小游戏课,868,1270,100%
史上最易学C语言——数据结构和算法,63,3012,87%
基于STM32的共享单车智能锁开发,196,1006,100%
【尚观】linux专题连载---docker容器架构及运维实战,21,1497,62%
大数据成神之路精讲+项目实战【尚观教育】,5,148,100%
超值干货--oracle体系结构,22,1213,66%
OpenCV视觉处理从入门到精通,0,167,-
C/C++ Windows编程入门到项目实战,119,77,-
C/C++小游戏开发系列教程,1086,635,94%
【邹Sir直播】Linux运维工程师入门必修班及OpenStack云计算进阶,0,613,100%
C/C++零基础到精通项目实战,2030,2177,100%
linux入门教程之初级架构师（第二季）,4,209,-
linux架构师之存储及调优（第三季）,15,234,100%
Linux云计算之系统配置及网络管理 第二季,7,246,-
红帽认证--RHEL7考试新特性及新题库详解（全套教程持续更新...）,13,315,100%
linux云计算网络直播公开课（入门到精通连载）,10,811,-
Get Linux开发必备技能与BUG说拜拜,0,146,100%
【邹Sir直播】Linux运维工程师入门必修班及OpenStack云计算进阶,0,613,100%
【联合阿里研发】最实用的java升级之路,0,230,-
java大数据入门级精讲+前沿项目实训【尚观教育】,9,262,-
全新实战：Python文件操作实例解析,0,274,-
linux入门教程之初级架构师（第一季）,5,207,-
Linux云计算之系统环境及日常管理（入门精讲教程）,8,154,-
老马前端系列-07-jQuery全解,75,1124,88%
老马前端系列-05-JavaScript高级内幕（js高级）,152,1087,100%
老马前端系列-08-移动端web开发,189,1173,92%
百度名师带你学习react前端框架【爱创课堂】,20,527,100%
前端名师带你学习vue2.0前端框架【爱创课堂】,104,870,100%
爱创课堂-JavaScript基础,68,206,100%
Java系列技术之零基础入门,67,365,100%
软考上午题难点5分钟攻克系列（小任老师精品视频课程）,93,983,100%
自媒体大咖号分析，总有一款适合你,69,707,100%
软考--项目管理师必考考点之网络图,76,908,100%
易语言post+js快速入门班,1019,2208,93%
月老师网络营销内训课,61,44,100%
自媒体孵化训练营 日收益500+技巧分享,53,491,100%
爱创课堂_张容铭 stylus  富有表现力的、动态的、健壮的CSS,20,137,50%
百度名师带你学习angular前端框架【爱创课堂】,9,455,66%
Web前端之HTML+CSS视频讲解教程,117,457,100%
深度DOM案例-疯狂的贪吃蛇【JS++前端】,50,171,100%
【CCNA系列】思科CCNAv3.0（200-125）录播视频,33,277,100%
JavaScript快速入门到实战(精讲/干货),133,618,100%
前端研发免费公开课【乐搏学院】,10,354,-
渗透实战—复现黑客入侵全过程,307,1619,100%
数据分析零基础入门系统课程【为学数据】,196,1863,100%
java web 快速入门到精通（servlet+jsp+el+jstl+ajax+mvc）,653,1002,100%
软件工程：UML和面向对象教程,288,2680,100%
JavaScript基础入门教程,656,2125,100%
网络营销|网赚抖音微商短视频赚钱新媒体营销自媒体引流网络推广,0,11,-
自媒体运营|新媒体运营|微信公众号大鱼号百家号企鹅号今日头条号,0,20,-
新媒体|今日头条号 百家号 大鱼企鹅号 趣头条自媒体赚钱,341,208,-
用E4A全中文开发手机安卓程序（二）,69,2168,75%
自媒体运营|新媒体运营|微信公众号大鱼号百家号企鹅号今日头条号,5547,3656,80%
Python全栈开发/爬虫/Web/运维/数据分析/零基础入门到精通,27,3245,80%
玩转 C++ 从零基础到实战项目,0,3773,-
测试开发系列公开课,404,463,-
安全实战—黑客是如何在Linux系统中植入木马的？,36,267,-
0基础学渗透测试,45,287,-
无线渗透（WIFI破解）与加固,99,809,80%
Web安全测试工程师,68,289,-
Spring4.0框架快速入门,48,105,-
Java8新特性详解,193,942,100%
微服务框架Spring Boot快速入门,62,1033,80%
数字货币/智能合约之区块链开发入门,0,1621,-
基于Java的WebSocket聊天室实现,237,1415,83%
PHP开发入门零基础入门教程,50,1733,85%
北大人工智能前沿与产业趋势课程第一讲：人工智能的发展与展望,6,3557,81%
一线大牛带你-零基础零障碍学习C语言,1216,4054,100%
2019年测试开发职业发展以及面试指导,48,413,100%
python全栈开发/自动化测试/公开课【乐搏学院】,0,889,-
统计分析轻松入门,141,810,100%
大饼Axure8.0产品经理（第一季）,560,2937,100%
【NEXT讲座】React一班开班仪式,7,51,100%
零基础入门-汇编基础与实战,420,1408,100%
C语言/C++零基础入门教程,542,2483,100%
免费报名领取600元课程代金券,3,194,100%
LUA游戏脚本开发,507,1900,100%
【思唯教育】14年经验一线专家，带你0基础学会大数据开发,5,549,100%
软件测试/接口/性能/自动化/测试开发/从入门到精通【动脑学院】,5318,4万,97%
python web开发入门,41,402,100%
零基础开发大型游戏,268,2690,-
北大人工智能前沿与产业趋势系列课程第二讲：嵌入式人工智能,13,1223,100%
腾讯大神带你零基础入门测试,7,2609,66%
探秘腾讯游戏的运维工程师,9,1163,-
SPSS轻松入门,261,1727,75%
Java学习指南系列①零基础快速入门,22,85,100%
软件破解实例-资源替换和远程调用,57,213,100%
【思唯教育】0基础入门大数据开发，带你挑战年薪50万！,12,10,100%
前端高级技术专家研发课#架构师培养计划#,2795,7万,93%
必看的网络工程师学习班，思科认证，华为认证，CCNA/CCNP/CCIE,1191,4727,98%
游戏逆向-逆向分析植物大战僵尸,99,407,100%
汇编游戏实战-贪吃蛇,65,275,-
腾讯工程师教你：从Java测试小白到高手,10,869,75%
从0到1 掌握蓝鲸DevOps技能,133,6223,92%
linux运维架构入门必修班,70,541,100%
杨哥 Linux云计算零基础学习视频课程【千锋教育】,197,2436,100%
Linux运维基础/云计算架构师/集群/zabbix/docker【千锋教育】,316,3476,100%
汇编教程教程,188,5024,97%
零基础入门汇编C语言C++系列公开课,29,862,100%
C语言C++程序设计系列经典教程,242,4011,96%
跟腾讯架构大师学：网络框架与后台架构,47,1889,100%
C语言系列经典教程,244,1万,95%
Node.js运维实践-腾讯前端开发工程师岑东益,10,2472,100%
Python性能优化专题课,2,1501,100%
统计模型轻松入门,33,159,-
C语言、C++、WIN32游戏结合系列教程,89,520,100%
C语言C++数据结构经典教程,66,247,-
游戏脚本引擎开发-HOOK API实现安卓模拟器后台截图,62,203,50%
腾讯大神带你走进人工智能时代,5,2517,66%
Windows系统保护模式,26,225,-
【录播】手把手教你10分钟创建自己的数字货币/区块链,26,757,100%
Windows系统内核,51,1288,100%
【区块链开发】从零构建基于以太坊（Ethereum）钱包Parity联盟链,12,728,100%
手把手教你10分钟创建自己的数字货币/区块链,0,847,-
区块链开发—如何编写智能合约(Smart Contract)?,18,955,100%
撩课-Python大数据+人工智能1,15,17,-
【腾然教育】新媒体【电脑知识】基础课,111,515,-
Asp.NET Core2.0与 EF的ABP框架入门视频教程,322,255,-
SQLServer数据库基础教程,1765,1万,99%
吴光科—Linux运维技巧杂谈系列,16,40,-
吴光科2019——Linux系统下LAMP技术实战,16,18,-
Angular4从入门到实战,259,544,-
北大人工智能前沿课程第九讲：大数据,5,890,100%
北大人工智能前沿课程第七讲：通用人工智能的现状及展望,3,861,-
北大人工智能前沿课程第十讲：人工智能技术及产业最新进展,3,214,100%
北大人工智能前沿课程第六讲：数字生命的人工智能化,5,950,-
北大人工智能前沿课程第八讲：自然语言处理,19,1263,-
用E4A全中文开发手机安卓程序,382,4632,89%
易语言零基础到精通快速提升,1603,1万,84%
【官方推荐】2019自媒体（新媒体）新玩法，暴力解读,4821,2万,97%
吴光科-Docker容器企业实战剖析,312,956,100%
李院长-python全栈 自动化 爬虫 数据分析 人工智能 【京峰教育】,1024,4万,96%
吴光科-Linux架构师 虚拟化 云计算 DevOps  高可用 京峰教育,8326,4万,94%
吴光科2019—Linux高级运维高薪技能讲解,14,34,-
JAVA高级架构公开课,47,990,87%
基于jquery的Datatables表格操作,52,37,-
驱动应该怎么学—5.linux驱动开发第一部分,208,900,100%
我们只培养会Python开发和人工智能的大数据分析师,106,7944,90%
大神带你快速玩转新媒体运营,54,48,-
Python爬虫实战-爬取电影网站电影信息,93,69,-
28天学最全微信项目开发，学7大商业项目,11,37,-
自媒体问题100问 自媒体问题+自媒体答案 新媒体知识,162,1400,100%
[宝庆学院]软件测试零基础到实战-系列教学试听课,55,6993,98%
Untiy3D/3Dmax/VR/AR系列公开课,42,34,100%
Web前端架构 - H5/CSS3/javaScript/Vue/React/Node【实训在线】,122,1521,100%
从零玩转JavaScript全栈开发,513,3465,100%
JAVA高级开发架构师 高可用 高并发 高性能 微服务 京峰教育,163,3万,94%
Postman实战讲解,403,1012,100%
TestOps测试运维工程师#持续集成#持续部署#持续测试,479,506,100%
周哥教IT.C语言深学活用,543,2564,98%
AI智能语言机器人的实现,4,96,-
功能测试知识体系与技能大全,89,225,100%
SoapUI小白快速上手实战讲解,63,240,-
零基础web渗透测试安全维护/黑客技术揭秘/网络维护/XSS+CSRF入侵,322,1554,100%
性能测试进阶指南配套光盘视频,25,86,-
基础课#各种操作系统软件从安装到装吐系列,46,101,100%
web渗透测试黑客技术解密木马检测服务器维护,164,1826,96%
TestOps之接口测试实践入门,52,124,-
TestOps之UI自动化测试最佳实践,56,382,100%
王者荣耀 电竞教学 排位对战 游戏运营 英雄/出装分析 铭文搭配,1241,2279,100%
零基础玩转抖音引流与变现,152,324,100%
spring boot 入门到实战,513,1127,100%
云服务器与云计算概览,140,627,100%
自媒体新媒体头条号大鱼号企鹅号百家号趣头条营销运营赚钱秘籍,478,219,100%
python3-从入门到实战(2018/爬虫/shell),169,1179,100%
火山移动 底层封装与APP开发,261,730,100%
Java Web前端 JavaEE SpringBoot 实战入门【实训在线】,528,4376,97%
jenkins实战,340,1181,100%
抓包工具fiddler讲解,319,1206,77%
撩课-从零玩转大前端-H5+C3,145,376,83%
前端项目实战#HTML5/CSS开发《门户网站》应用#【实训在线】,77,253,-
专利知识讲堂,48,86,100%
科大讯飞开放平台公开课,24,177,100%
微信小程序 零基础入门到实战开发,110,5804,79%
Android安卓开发从零基础到实战项目,467,5185,-
ES6经典入门到进阶,1556,9603,98%
TesterHome • AMAT定期答疑课,15,358,100%
撩课-Mysql数据库基础入门教程,1674,6914,100%
零基础学STM32开发,349,918,100%
微信小程序,2252,6537,97%
HomeAssistant基于树莓派构建智能家居-实战入门篇,378,402,100%
零基础学Qt开发,282,510,100%
西门子PLC大型免费公开课,1427,1219,-
吴光科—运维小白必备技能,33,61,-
企业Linux运维自动化实战,32,94,-
PHP后台开发,247,1035,-
打怪升级？怎么玩好产品经理这个3A大作,16,12,-
从零开始学Photoshop,17,12,-
吴光科2019—Shell编程入门基础必备,128,173,-
Power-BI 商业智能 数据可视化 大数据分析 移动BI【奥威软件】,633,4285,100%
css3 flex布局入门到精通,228,182,100%
三菱FX-3U/5U系列PLC大型免费公开课,1035,904,-
最容易听懂的Photoshop基础入门,18,16,100%
大数据可视化分析平台：OurwayBI入门到精通,105,256,-
PS基础：选区工具-抠图小技巧,45,29,100%
Speed-BI云平台案例实操--十分钟做报表,7,251,100%
第六版PMBook系列课程-项目资源管理,2,2,-
小程序新特性和用户体验,61,32,100%
嵌入式研发精英培养计划及课程体系,8,126,-
Android安卓初级开发培训,126,2490,66%
2018千锋物联网视频教程-数据库开发,37,93,-
2018千锋物联网基础教程-1Linux操作系统安装及命令,108,200,-
2018千锋物联网基础教程-2嵌入式高级C语言,73,226,-
自媒体运营|新媒体运营|百家号企鹅号今日头条号大鱼号微信公众号,15770,2万,92%
腾讯课堂大师班 | 尝尝学习的甜头,357,6万,95%
新媒体运营自媒体创业营销微信公众号大鱼号企鹅百家号今日头条号,0,2万,80%
第六版PMBook系列课程-项目整合管理,0,0,-
Linux 多进程TCP并发服务器的实现,24,111,100%
千锋大数据教程：深入学习scala,18,224,100%
千锋大数据教程：Spark基础及源码分析,22,455,50%
STM32时钟系统专题讲解,38,178,100%
SQLite数据库应用开发编程专题讲解,51,135,100%
千锋区块链视频教程②：Go编程语言篇,27,351,100%
自媒体运营：基础入门-新媒体企鹅号头条大鱼号百家今日头条,13,401,-
自媒体赚钱教程今日头条号批量收益,25,408,-
微信公众号吸粉自媒体引流UC大鱼号抖音吸粉文案软文写作网络编辑,57,511,-
自媒体软文写作网络编辑文案策划企鹅号头条大鱼号百家今日头条,70,503,-
新自媒体运营赚钱基础入门文案策划企鹅号头条大鱼号百家今日头条,47,813,-
大师班 | 数亿人气虚拟歌手成长记（二）,9,1354,100%
大师班 | 数亿人气虚拟歌手成长记（一）,19,1778,100%
自媒体运营|新媒体运营|微信公众号大鱼号百家号企鹅号今日头条号,29577,13万,92%
大师班 | 王者峡谷幕后的英雄故事（三）,16,2472,100%
大师班 | 王者峡谷幕后的英雄故事（二）,7,403,100%
大师班 | 王者峡谷幕后的英雄故事（一）,21,625,98%
微商引流吸粉加好友微信营销|网络推广|网络营销|抖音吸粉引流,1227,1328,-
自媒体 公众号 自媒体 企鹅号 头条号 大鱼号 百家号 今日头条,369,1479,100%
网络营销|网赚抖音电商|微商客源|赚钱营销淘宝客引流网络推广,11113,1万,98%
自媒体运营|新媒体运营|微信公众号大鱼号百家号企鹅号今日头条号,29577,13万,92%
撩课-JavaEE系列之web服务器,164,425,100%
撩课-JavaEE之JDBC连接Mysql数据库教程,226,882,92%
撩课-JavaEE系列1之Java零基础编程思想入门教程,168,511,100%
大师班 | 韩延导演带你揭秘电影《动物世界》（二）,18,1万,100%
项目实战 - 500强企业架构师常用项目实战技术【实训在线】,0,193,-
职业化软技能 - 求职|面试|谈判|演讲|职业规划【实训在线】,0,140,-
Java高级架构师专辑 高并发/高可用/分布式技术【实训在线】,263,1500,100%
自媒体运营|新媒体运营|微信公众号大鱼号百家号企鹅号今日头条号,29577,13万,92%
PHP快速入门到写接口(2019),977,3609,100%
自媒体新媒体运营今日头条企鹅号大鱼号百家号趣头条快速赚钱法则,66,31,-
大师班 | 走近当代福尔摩斯李昌钰（二）,11,2759,80%
Python预科班  （内部测试用 勿拍）,68,41,100%
大师班 | 韩延导演带你揭秘电影《动物世界》（一）,22,1198,66%
iOS移动应用开发-初级课程,45,1521,87%
人人必学之人工智能（主讲人：东方耀）,416,1092,100%
egret极速飞车微信小游戏开发,452,1061,100%
Vue2.x-实现跨域请求(fetch/axios/proxytable),333,2329,100%
2019年软考-数据库系统工程师--免费视频课程,256,497,100%
大师班 | 走近当代福尔摩斯李昌钰（一）,18,2461,100%
千锋最新软件测试视频教程：数据库测试技术,55,475,100%
2018千锋最新软件测试视频教程 从入门到精通,31,682,100%
白鹭教育-游戏发展史,7,24,-
C/C++/linux/数据结构算法/QT/MFC,154,3182,100%
【NEXT学院】Python从入门到实战·基础篇【体验课】,162,254,100%
移动测试自动遍历工具AppCrawler使用入门,63,409,100%
JPA框架从入门到实战,90,361,100%
芯片验证V系列课程介绍-【路科验证】-路桑亲授,166,361,-
【NEXT学院*微信】微信官方讲座合辑,187,291,-
CCNA网络精品课之EIGRP,15,129,-
网络营销网络推广SEO百度排名引流微商吸粉赚钱网赚自媒体引流,27,2,-
CCNA网络精品课之VTP协议,17,134,-
C#面向对象精彩强化讲解【喜科堂.NET精品课】,141,2449,93%
unity 3D虚拟现实游戏开发,151,2453,-
Spring源码分析    【源码学院】     只为培养BAT程序员而生,85,243,-
CCNA网络精品课之基础命令集,25,262,100%
CCNA网络精品课之ACL访问控制列表,28,296,100%
Altium Designer 17全套入门PCB layout设计实战视频,604,1709,100%
CCNA网络精品课之ARP协议篇,65,185,-
CCNA网络精品课之交换机基础原理,141,1147,100%
CCNA网络精品课之IP地址,117,801,100%
CCNA最新版精化全套课程,185,1680,88%
新盟教育CCNA全新升级课程（含CCNP+项目+华为）,0,1955,92%
10年经验 康sir - 8天学会实战型CCNA课程/CCNP/CCIE,4912,2万,98%
Java互联网技术课程【源码学院】     只为培养BAT程序员而生,2104,1545,100%
安卓逆向与手游辅助逆向实战开发,1061,4349,91%
芯片验证小白求生手册-【路科验证】-路桑带你脱白,131,511,100%
从小白到年薪50万的验证之路-【路科验证】-路桑教你学验证,0,1920,100%
VueCli3.0-小白入门课程(2019),829,3293,100%
PMP®考试最新第六版免费视频精讲课程,484,794,100%
华为云计算HCNA-HCNP-HCIE认证-免费公开课专题讲解,326,1593,100%
千锋Unity3d游戏图形学从理论到实战精讲（完整版）,198,1633,100%
Vue-实战项目(个人博客完整版),769,1683,100%
CCNA网络精品课之VLAN,90,618,100%
Vuex从入门到开发(深入浅出),828,1894,100%
CCNA小白入门之7分钟醒脑视频VPN篇【第一季】,121,552,50%
思科全套模拟器讲解 思科认证网络工程师 CCNA/CCNP/CCIE,90,601,100%
Solr分布式搜索系统,182,1407,100%
新盟教育/HCNP全新升级（含HCNA+项目实战）,128,3792,100%
木泉boss-Linux高级架构师 挑战30W年薪 运维/集群/云计算,1548,6907,97%
Java并发源码分析  【源码学院】     只为培养BAT程序员而生,0,37,-
珠峰前端架构师正式课,439,539,100%
【NEXT公开课】Spark 入门大数据,191,550,100%
算法与数据结构——每个程序员必修内功、编程之根基,216,313,100%
项目经理带你-零基础学习C语言,372,452,-
软考软件设计师培训视频,380,4676,100%
【NEXT公开课】vue与前端路由那些事儿,289,886,-
Unity3D/AR/VR游戏开发基础到精通项目教学,89,2165,66%
千锋Unity3d第一人称游戏项目实战视频教程（完整版）,386,2351,100%
珠峰前端架构正式课,233,240,100%
珠峰前端架构正式课,0,502,100%
珠峰架构前端技术公开课,2071,2388,100%
Linux零基础入门视频之你必懂的Linux技术体系,174,1835,50%
安全权威认证渗透测试工程师CISP-PTE全面解析 实操演练 渗透工具,263,250,-
大数据架构师,136,115,-
C/C++程序设计,0,2410,100%
CCNA网络精品课之RIP,18,181,100%
CCNA网络精品课之ARP协议篇,19,209,100%
C/C++/linux/数据结构算法/QT/MFC,0,2万,95%
iOS中高级开发案例分析,253,824,100%
CCNA网络精品课之HSRP,17,122,100%
千锋软件测试最新基础教程：老王说测试,221,933,100%
Fastdfs分布式文件系统,65,331,100%
CAS单点登录搭建及基本使用视频教程,145,809,100%
Android进阶之触摸反馈 - 自定义View完全掌握系列三【HenCoder】,144,1298,100%
求实计量软件【培训及答疑】,161,1472,100%
Mybatis源码分析   【源码学院】     只为培养BAT程序员而生,27,75,-
【真干货】三菱PLC、触摸屏、步进伺服、变频器编程实战到底,893,8892,96%
Redis源码分析   【腾讯源码学院】     只为培养BAT程序员而生,34,88,-
Cocos Creator/Cocos2dx入门|爆款游戏开发·第一季,845,3803,97%
VR室内设计/交互式全景/用3dmax、UE4创造照片级室内设计效果图,402,2917,100%
思科SP运营商CCNA基础课程精致讲解 拓展+实践 免费学习网络,0,394,-
自媒体引流微商创业宝妈兼职项目淘宝客网赚微信营销客源百度排名,87,114,-
微信营销零基础实战班,0,1万,100%
微商创业网赚抖音微商短视频赚钱新媒体营销自媒体引流网络推广,55,66,-
自媒体引流抖音加粉加好友微信营销网络推广网络赚钱互联网创业,97,160,-
互联网创业项目微商引流吸粉网赚卖货微商营销精准吸粉微信营销,61,45,-
沙龙现场：区块链技术与应用,7,1814,100%
"手机,平板,笔记本电脑主板维修视频培训教程【天玉教育】",35,2434,83%
FPGA入门到实战-录播课-上海V3学院,291,6900,94%
【真干货】西门子S7-200PLC、触摸屏、步进伺服、变频器全能实践,826,7221,100%
"office办公软件word,excel,ppt制作学习从基础到高级白领进修班",85,5102,90%
三菱PLC编程与项目案例公开课【工业帮】,0,2万,98%
"笔记本,电脑维修,重装xp系统,硬盘数据恢复,组装维护培训视频教程",184,1万,94%
CCNA网络精品课之IPV6+tunnel,42,251,100%
CCNA网络精品课之STP协议,44,238,100%
Python从“小白”到“大神”——快速入门全栈工程师,1118,1339,100%
CCNA网络精品课之OSPF,57,434,100%
【大咖推荐】自媒体新手快速获取收益（抖音如何快速涨粉）,1435,2324,100%
千锋Vue组件之手机通讯录实战课程,439,3339,100%
FISCO BCOS走进高校-从0到1区块链原理到实践,4,110,-
互联网整合营销-网络营销与SEO基础课程,214,1279,100%
v3学院FPGA培训短期班部分课程,80,1269,72%
求实软件操作及答疑【求实软件】,916,3005,100%
Vivado 开发Soc FPGA入门到实战录播课-V3学院,149,2623,83%
网络工程师19天的入门课CCNA/HCNA,264,1037,100%
【NEXT公开课】Webpack打包极限优化,422,1271,100%
易凯软件线上入门基础培训,330,859,100%
自媒体爆文变现赚钱，百家号今日头条号企鹅号大鱼号，新媒体运营,670,596,100%
PHP7 +HTML5+Bootstrap+MySQL+redis+大数据大并发处理,236,869,100%
腾讯等40+家知名公司员工，学过的4周增长训练营（3天体验版）,609,2437,60%
WEB渗透入门专业班,175,682,-
QT 高级开发工程师,458,1361,-
2019新媒体实战训练课,0,4,-
千锋html5经典入门视频教程：基础知识点讲解,81,1202,66%
抖音-今日头条号-百家号大鱼号-企鹅号2018新媒体 赚钱学习,0,48,-
html5微案例讲解视频教程--千锋教育,69,1372,75%
企业面试真题精讲,193,1422,83%
抖音爆款运营,0,54,-
笔记本台式机主板电脑维修U盘重装系统安装电脑组装维护教程,304,9676,90%
易凯软件线上操作技能培训,366,1427,-
自媒体七天赚钱法则,0,56,-
【FUNNET】网络工程师速成班 思科RS认证 Cisco CCNA/CCNP/CCIE,2748,1万,100%
数据结构与算法,0,79,-
windows 核心编程,15,151,-
C/C++/Linux/QT/MFC/服务器/数据结构,36,405,66%
从新手村到打Boss，产品经理成长之路,2717,4613,94%
4000+同学学过的Axure实战班——3天体验营,1440,6359,100%
JavaScript 最新知识全面讲解二（免费）,36,46,-
PHP7 +HTML5+Bootstrap+MySQL+redis+大数据大并发处理,0,51,-
产品入门第一课｜成为快速升职加薪的少数人,2431,4万,95%
"ThinkPHP5，Yii,CI,laravel,自定义框架",0,110,-
JavaScript 最新知识全面讲解一 （免费）,586,1105,-
Web+HTML5+CSS3+JavaScript+Bootstrap,292,946,100%
网络营销|网赚抖音微商短视频赚钱新媒体营销自媒体引流网络推广,19,8,-
微信公众号|新媒体今日头条号 百家号 大鱼号 自媒体赚钱 企鹅号,128,544,-
宝妈兼职互联网创业微商淘宝客引流网络赚钱自媒体引流微信营销,173,141,-
Cisco思科认证  CCNA/CCNP/CCIE 网络工程师实战项目提高班,256,6634,89%
资深前端手把手用实战教你冲击月薪3万,3077,3万,91%
FPGA静态时序分析精讲-录播课-上海V3学院,80,1611,97%
Android进阶之布局 - 自定义View完全掌握系列二【HenCoder】,294,2028,100%
Android进阶之绘制 - 自定义View完全掌握系列一【HenCoder】,719,4530,100%
网络推广|网赚抖音引流微商销售新媒体营销自媒体引流|网络营销,95,80,-
CCNA网络精品课之静态路由篇,38,228,-
自动化/接口/性能/测试开发/安全系列公开课@Testfan,74,2996,100%
web/java/python/selenium/持续集成/自动化公开课@Testfan,68,1392,100%
CCNA网络精品课之NAT+PPP+DHC,42,330,100%
CCNA网络精品课之网络是什么？,71,150,100%
优化公司SEO实战公开课,19,107,-
CCNA小白入门之7分钟醒脑视频热备份篇【第三季】,98,151,100%
第九期越努力越幸福,1,32,-
P09成功学习的第一步,4,98,-
中国SRE书友会-Google SRE学习分享,54,164,-
L1812越努力  越幸福,5,77,-
appium/jmeter/java/python/rf/安卓/ios/公众号/小程序@Testfan,93,2712,100%
C++实操课程（基础到精通）【盛途学院】,178,1321,100%
今日头条号自媒体|原创短视频赚钱|企鹅号百家号大鱼号新媒体运营,145,200,100%
【自媒体】抖音电商 网红快手直播流量变现 短视频赚钱引流系列课,408,334,100%
CCNA网络精品课之OSI七层模型,132,402,100%
自媒体原创短视频赚钱|图文伪原创新媒体|头条号百家号开收益,204,435,100%
CCNA小白入门之七分钟小视频【第二季】,163,197,100%
jQuery基础突破【蝉壳学院】,711,2669,100%
Web前端开发之JavaScript快速入门（JS)【蝉壳学院】,498,366,100%
越努力  越幸福,9,243,100%
SEO网站排名/熊掌ID/SEO进阶快速排名/零基础学SEO/移动排名优化,237,690,-
L1810越努力  越幸福,7,189,100%
成功学习的第一步,30,182,-
JavaWeb工程师之HTML+CSS基础,6,813,100%
【社区版】从0到1学习蓝鲸开发,26,811,100%
【高校版】蓝鲸SaaS开发技能基础培训课程（Django）,27,816,100%
xuegod越努力 越幸福,17,33,-
中国SRE书友会——Google SRE 初探,13,43,100%
Web前端开发(HTML/CSS/javaScript/Vue/React/Node)【六星教育】,66,95,100%
最新版C语言基础入门视频教程---千锋教育,880,2326,100%
【泛学苑】知识管理运用丨知识变现丨职场办公效率,223,305,100%
【淘宝运营】新手开店 免费流量 搜索排名 直通车推广 实战课程,6,343,100%
前端基础项目实战之小米商城【蝉壳学院】,220,1249,83%
【上热门】抖音涨粉技巧 自媒体营销 直播电商开通抖音长视频教程,46,105,100%
蓝鲸SaaS开发技能高级培训课程,11,190,100%
【高校版】2017春季蓝鲸开发基础课程,1,232,-
【高校版】2016春季蓝鲸开发基础教程,3,252,50%
【腾讯云版】从0到1快速学习蓝鲸开发,21,304,100%
JavaWeb工程师之HTML+CSS基础（柠檬学院）,211,4110,100%
【免费课程】学习自媒体赚钱|头条号培训|抖音引流网赚,1508,3599,100%
泛学苑|乐观号|自媒体|新媒体运营百家号 趣头条 企鹅号赚钱法则,1575,6198,100%
2019爆款实操运营14天访客暴增独门秘籍 快速提升排名玩法,7,64,100%
直通车低价引流 手淘搜索 提升排名 免费流量 打造爆款实战课程,10,94,100%
新手开店 淘宝运营 数据分析 爆款打造 实战引流学习教程,8,98,100%
C语言/C++语言/数据结构算法/MFC/QT【六星教育】,5091,6866,100%
实战SEO快速提升排名精通班,0,336,-
智推教育SEO运营实战课程系列,0,930,100%
【抖商】开通抖音店铺 教你如何赚取 自媒体营销 抖音电商课程,42,135,100%
3D游戏模型手绘贴图公开课3dmax/BodyPaint,0,336,100%
"游戏特效,3dmax,unity3d,ps",0,1114,100%
Java架构师-高级软件架构师实战【VIP预科班】,33,895,75%
3d游戏原画场景原画，CG插画日韩Q版写实游戏UI，手绘素描入门,673,3017,100%
"zbrush,3dmax,maya,3d游戏美术,次世代,VR游戏,游戏贴图,模型雕刻",1272,1万,99%
C/C++入门到精通企业级项目实战【六星教育】,0,349,-
软件测试【简历编写+面试流程+面试题讲解】,302,3062,92%
seo网站优化/网站排名/百度/360/google谷歌/手机网站优化分析,2676,1万,92%
PHP开发零基础入门/web前端/MySQL/TP5框架【六星教育】,122,1621,97%
接口/jmeter/java/python/postman/入门到精通系列公开课@Testfan,77,3535,83%
性能测试/Loadrunner/Jmeter/瓶颈分析/调优/面试公开课@Testfan,83,4372,86%
前端实战开发主流框架之了不起的Vue Pro【蝉壳学院】,789,3138,100%
SSM框架从入门到实战,693,2747,100%
人人都懂区块链（更新中）,267,1511,100%
【NEXT学院】微信小游戏入门与实战,614,1509,100%
【松勤】Python编程实战（自动化测试课程体系）,357,6278,95%
游戏运营之全网营销策略,0,1万,95%
seo搜索引擎优化seo创业项目分析淘宝客网络赚钱实操教程,25,6068,100%
SEO实战培训教程-SEO魔鬼训练营【SEO商学院】 免费,709,6976,100%
Web前端零基础到高薪就业之html/css教程,559,2万,92%
学神IT python运维开发【For老师】试听课,31,1193,100%
柠檬学院特邀嘉宾定期分享,32,193,100%
hibernate免费公开（java基础，javaweb，javaee经典框架）,52,49,-
【Next学位】前端全栈免费试听课程,65,696,-
Java企业级工程师,73,458,-
java大型ERP实战项目免费公开,146,110,-
struts2免费公开（备java基础，javaweb，javaee，框架）,46,33,-
Java零基础编程（Java入门编程 java基础编程）,103,49,-
LayaAir2.0全栈开发,565,649,87%
抖音吸粉引流，抖音上热门微商引流加好友|网络营销|销售网络推广,443,390,-
.NET/C#零基础高薪就业(全栈开发/BS/CS/WPF/WCF/Winform/Sql）,966,8389,90%
软件测试/Python/性能/接口/自动化软件测试/零基础【雅学时代】,51,57,-
网络技能水平提升培训,342,375,100%
Python零基础入门到实战,2686,2501,94%
Python 3 基础到实战精讲 [直播无回放],135,311,100%
Web前端零基础到高薪就业之javascript/js教程,3361,1万,95%
前端MVVM框架实战（Vue.js/React.js/Angular）,2414,2万,94%
Web前端高级进阶高薪公开课【软谋教育】,12317,11万,96%
java基础编程作业精髓剖析,417,1247,100%
IDEA视频教程（IDEA入门到精通）,1938,4204,100%
Java分布式互联网架构/微服务/高性能/springboot/springcloud,5274,3万,95%
【NEXT公开课】使用Cocos Creator开发微信小游戏《2048》,755,4017,100%
Java零基础入门（java基础  java入门教程  javase）,19866,11万,95%
【RWBC】锐捷无线训练营,46,681,100%
游戏服务器开发与设计,1234,7327,95%
Windows Server  运维课程【鸿卓国际】,218,1204,77%
ICT大赛辅导,16,11,-
Netty实现高性能弹幕系统详解【图灵学院】,25,15,-
Mysql锁与事务隔离级别深度剖析【图灵学院】,31,25,-
IT讲师选拔会,27,18,-
认证计费常用方案系列讲解,0,149,-
JSP实训课程【鸿卓国际】,12,74,-
揭秘AngularJS【鸿卓国际】,2,34,-
小刚原创PCB设计之WIFI-PCB设计实际操作视频,39,593,-
王牌的诞生,0,591,100%
HTML+CSS企业网站建设【鸿卓国际】,16,82,100%
带你玩转C#【鸿卓国际】,27,199,-
《Python入门必备指南》之如何使用Python分析web访问日志,31,506,100%
锐捷渠道精英训练营-网络入门,110,929,95%
2019马哥python教程-Python网络编程实战,92,471,100%
2019马哥python教程-Python网站web开发实战,115,541,100%
饿了么资深Python工程师Python基础入门串讲【马哥教育】,103,815,100%
Linux教程-2019全新Linux文件目录管理和管道,70,266,100%
华为杯”网络与分布式系统创新设计大赛培训,0,157,100%
【IP编制】,13,47,-
全栈软件测试开发就业班-Python/自动化/性能/功能/Linux/数据库,33,226,-
Java小白到工程师的成长之路,4,72,100%
Unity Moba全栈游戏开发,6125,2万,94%
小刚原创PADS-PCBlayout常见问题点有声视频,12,245,100%
结构PRO/E实战与结构设计理念讲解直播课程回放,9,202,100%
小刚原创PADS-VX入门到精通实战项目高清有声视频,90,274,100%
小刚原创PADS-VX邮票孔PCB封装制作视频,22,323,-
手机硬件之MTK6582原理讲解,9,330,-
Django Web开发入门到进阶,462,1144,100%
千锋JavaEE精讲之Mybatis框架实战教程（最新、易懂）,554,1828,100%
《Python入门必备指南》之学习 Python web 框架前需要掌握什么？,65,960,100%
《Python入门必备指南》之学完Python后，该如何开始django学习？,81,1703,100%
Linux教程-2019全新Linux用户和权限管理,62,252,100%
大众点评资深Python工程师经典入门与案例串讲【马哥教育】,68,723,100%
马哥python教程-2019全新Python排序、冒泡字符串实战,78,273,100%
Linux教程-2019全新find文件查找及sed用法,58,296,100%
【SPOTO思博网络】Linux免费公开课,7,7,-
软件测试python/java/接口/app自动化/RF自动化测试/测试开发,1316,6050,91%
2019马哥python教程-Python全新列表、排序及字典,35,213,100%
Linux教程-2019全新Linux文件权限和文本处理,35,218,100%
Java零基础也能听懂的直播课,676,1386,100%
Python3 入门到进阶,17,600,100%
销售成功学习的第一步,513,342,-
网络营销全科精讲|最全网络推广手段：微信营销QQ营销新媒体运营,251,961,-
Spring Cloud微服务架构实战【图灵学院】,181,118,100%
轻松入门高薪Linux云计算【马哥教育】,360,2695,100%
公开课 Juniper认证网络工程师JNCIA/JNCIS/JNCIP,28,724,100%
马哥Linux教程-2019全新正则表达式及vim进阶,160,664,100%
linux网络教程-马哥2019全新网络管理与配置实战,143,495,100%
马哥linux教程-2019全新Nginx实战web服务企业实战,841,3036,100%
Python自动化开发实战课程(基础篇)-【马哥教育】,820,2万,93%
Linux运维及云计算年薪30W入门经典教程【马哥亲讲】,6204,5万,99%
软件测试功能Java，Python，Web，接口，APP自动化性能入门到精通,1892,5409,100%
React+Redux-小白入门到实战(2019),879,2146,100%
【免费】网络工程师必备思科CCNA纯干货课程整轮精品课程,391,934,100%
软件测试之突破笔试面试【柠檬班】,304,4761,100%
java全栈工程师,47,35,100%
shell教程-2019全新Shell脚本入门教程,543,2124,100%
Cisco CCNP/CCIE思科认证网络工程师 实战进阶提高班,37,7246,100%
Linux安装教程-2019全新计算机基础和Linux快速安装教程,807,2156,100%
linux教程-马哥2019全新LVS负载均衡实战,140,734,100%
【精品推荐】16年专业培训-CCNA学习指南,30,73,-
Android/安卓开发就业班,962,1763,100%
毕业答辩辅导JY1901期,60,50,-
起点学院毕业答辩考场1,72,45,-
JavaSE实现考试系统(Swing，I/O，集合，线程及面向对象编程思想),89,74,-
网络营销推广+现代新媒体营销，网络小白成功必走之路,578,903,-
【倾力打造】2019千锋Linux云计算名师系列公开课,446,261,100%
HTML+CSS Web前端开发工程师快速入门必备课程【咕泡教育】,54,58,-
千锋HTML5学院——大前端名匠公开赛,914,456,100%
Android/安卓开发之java基础,120,384,100%
2019赵强老师大数据免费公开课,511,512,-
C/C++服务器开发从入门到精通,859,3123,100%
kubernetes(1.13)快速入门,335,602,100%
JAVA高级架构师系列课程【动脑学院】,434,711,100%
Linux教程-2019全新Linux常见命令使用技巧,511,1279,100%
Linux教程-2019全新ansible入门到精通,419,1853,100%
Linux教程-2019全新CCNA网络入门及TCP/IP协议,375,1209,100%
Web前端开发(HTML/CSS/javaScript/Vue/React/Node),569,9310,100%
Python人工智能精选集,510,1253,-
Papi/鹿小草/歪果仁/卡思数据，全网首次公开短视频实战方法论,388,486,-
Python零基础快速就业到高级工程师/网络爬虫/人工智能/商业项目,4973,5017,96%
网络推广+网络营销+网赚项目，微信营销加粉引流电商新媒体课程,2288,5921,100%
千锋Web前端之Angular从入门到实战,54,101,-
千锋UI高级教程：banner图设计和C4D精讲,20,110,-
2018千锋Web前端视频教程-VUE服务器端渲染之NUXT实战,110,315,100%
大数据免费系列课程之一：基础入门,11,70,-
千锋Html5教程：零基础入门篇,41,818,80%
赵强老师：微课系列：（10）使用Oracle SQL Developer,24,73,-
赵强老师：微课系列：（2）搭建Hadoop的Eclipse开发环境,17,87,100%
赵强老师：大数据免费系列课程之搭建CDH环境,36,233,50%
赵强老师：微课系列：（13）使用Redis客户端,31,89,-
千锋微信小程序基础与实战教程：从入门到精通,99,3006,91%
web前端开发工程师 全栈Web前端开发工程师精英培养计划【咕泡】,3715,8401,95%
网络安全课程新手入门必看【2019千锋】,20,15,-
Linux大型网站高并发架构及自动化运维项目（六）【2019千锋】,1,4,-
2018千锋Linux视频教程-私有云运维实战,9,25,-
2018千锋Linux视频教程-大型网站高并发之集群,11,27,-
2018千锋Linux视频教程-Web安全渗透,88,240,-
PS试听课 淘宝美工/LOGO设计/网页设计/设计思路/色彩设计,223,342,100%
起点学院毕业答辩考场2,56,35,-
起点学院毕业答辩考场3,50,33,-
软件测试之常用bug管理系统【柠檬班】,155,3319,100%
爱前端全栈架构在职提升神助攻,304,231,100%
马哥python教程-Python框架Django开发实战,346,1550,100%
思科SP CCIE十年授课专家讲师精讲运营商CCNA公开课,0,1620,100%
微信小程序实战公开课,654,3787,71%
软件测试之常用工具大集合/Fiddler/httpwatch/saopui/testsoap,529,1万,100%
Python/人工智能/零基础就业课,646,3421,75%
产品可行性分析方法介绍,213,418,50%
跟波哥学习PHP之MySQL从入门到精通,265,3135,100%
JAVA零基础到项目实战,729,5122,75%
性能测试进阶课程,46,57,-
python开发入门与职业进阶,2298,3333,100%
千锋软件测试视频教程之：C++编程开发技术,84,592,100%
HOOK原理解析,190,499,100%
Web前端开发html基础教程【录播】,99,1334,100%
Wireshark网络分析实战-从入门到精通,210,903,100%
传统行业在互联网的冲击下，如何利用新媒体掘金,250,128,100%
eNSP模拟器 华为认证网络工程师 HCNA/HCNP/HCIE,243,679,100%
零基础学Java开发,377,2242,100%
年薪30万的大数据开发从入门到精通【马哥教育】,676,1万,98%
mysql教程-马哥2019全新Mysql配置和安装实战,769,2084,100%
学神IT毕业VIP学员经典项目分享课,173,256,-
转行大作战-运营7天打卡学习营,762,1375,-
Python零基础就业到高级进阶/爬虫/AI人工智能/机器学习/区块链,977,2238,100%
极客营-微信小程序设计大赛辅导,739,712,100%
Web前端开发零基础Javascript教程 2018【录播】,98,2588,100%
【Next讲座】JS组件实战——手把手教你开发一个Tab,122,319,100%
CSS3动画特效经典案例教程【自学精品录播】,171,1873,90%
Web前端开发 bootstrap框架基础教程【录播】,298,5922,90%
Dw网页Web前端开发html/css/js实战课【直播】,428,1万,91%
性能测试分析方法介绍,25,154,100%
突破年薪40W#Python入门到实战【咕泡教育】,1867,1万,100%
Jmeter软件性能测试关联-正则表达式实例讲解,85,841,94%
python 程序设计,116,6559,98%
极客营-jQuery使用与源码解读,32,502,50%
极客营-Java 图形界面设计,64,534,100%
极客营-零基础学习linux操作系统,111,1139,100%
极客营-Struts2快速入门,22,1274,95%
"八年一线架构师,带你0基础入门大数据",237,1316,100%
【官方推荐】红帽Linux认证培训公开课,613,1255,100%
Python自动化测试-项目实战-自动化测试/测试开发/接口/性能,223,3715,98%
云计算方向Cloud 技术解析 实战学习华为认证HCNA/HCNP/HCIE,540,1191,100%
C/C++入门到精通企业级项目实战,338,1359,-
软件测试Python/性能/接口/安全/自动化软件测试零到精通【咕泡】,3001,1万,99%
P1903成功学习的第一步,108,165,100%
大数据Hadoop-Storm-Spark高级工程师课程,612,1万,100%
BATJ资深JAVA高级架构进阶_大数据精品课程公开课#【烛光学院】,5636,2万,99%
极客营-Java那点事-基础入门一,26,382,100%
漫谈dubbo分布式服务架构,45,2938,86%
王者荣耀 信念之刃 阿珂教学 四杀五杀 简单超神,386,761,92%
Python开发/自动化/网络爬虫/运维/从入门到精通【动脑学院】,917,2079,100%
Web安全微专业（白帽黑客）渗透入门公开课/信息安全/网络安全,3281,1万,97%
Java高级BAT精选课/高并发/分布式/大数据/源码分析【云析学院】,8448,3万,99%
L1903越努力  越幸福,113,90,-
SEM百度竞价|网络百度推广|网络营销|TSA腾讯社交广告|信息流推广,2656,8086,100%
移动互联网架构开发,5356,1万,100%
0基础做抖音大号|社交电商|短视频制作|网络营销|新媒体网赚|网红,1524,2389,100%
大数据云计算架构师-Hadoop-Storm-Spark-全程实战,0,5851,-
C/C++入门到精通实战,4539,7106,100%
第二届全球未来网络发展峰会,19,3965,100%
人工智能/机器学习/深度学习/轻松入门到精通【云析学院】,0,310,-
CSS 预处理技术 | Sass 插件详解【实训在线】,94,296,100%
蓝鲸DevOps主题沙龙·上海站,9,118,100%
红帽Linux系统管理培训（RHCE7) - 老鹰主讲,4,206,-
微软虚拟化(Hyper-V) 解决方案,24,249,100%
基于蓝鲸轻松打造一站式DevOps持续交付平台,66,516,100%
DevOps、SRE超越传统运维之道【北京站】,27,259,100%
AR/VR应用领域开发制作案例展示,7,3,-
AR/VR学员作品展示操作回放和实际运用,7,3,-
零基础入门U3D/AR/VR基础工具,11,7,-
从零开发微信小程序+公众号+游戏,0,935,-
mysql零基础 数据库,1159,6702,98%
大数据课程/数据库开发MySQL大数据技术视频【海牛学院】,76,3091,72%
微信小程序实战公开课,34,264,100%
JavaSE从入门到精通,19,96,-
微信小程序开发基础教程,2815,1万,89%
大数据课程/大数据在互联网中的应用案例视频【海牛学院】,9,296,100%
大数据课程/hadoop实战精品课程完整视频【海牛学院】,26,734,100%
大数据课程/大数据ETL项目实战视频【海牛学院】,108,937,100%
大数据课程/java进阶教程，java高级部分精品视频【海牛学院】,8,424,-
大数据课程/javaSE教程全套精品视频【海牛学院】,32,601,100%
javaSE零基础,17,139,100%
大数据课程进阶教程/大数据mapreduce首套精品视频【海牛学院】,17,237,100%
Web前端开发 / 零基础到前端技术的熟练应用,14,99,100%
3Dmax 从零开始学习3D游戏建模【维信科技】,0,209,100%
HTML+CSS基础教程,17,357,100%
Java基础教程,27,341,100%
撩课-玩转H5大前端-HTML+CSS,167,157,-
撩课Web-大厂入职学习路线规划,537,548,-
撩课-Python大数据+人工智能2,24,28,-
十天学会PHP（第六版）,469,2754,100%
敏捷软件测试技术 — Scrum、Selenium、JMeter,289,2217,100%
网络安全攻防实战课,490,1157,100%
SQL 高职精品教程体验版,164,804,100%
计算机二级VB基础知识,557,2977,100%
Selenium自动化测试,377,1675,100%
LayaAir 2.0新手入门指南（免费部分）【HTML5引擎与工具学习】,461,391,100%
3小时教你如何使用websocket实现一个聊天室,422,972,100%
SPOTO活动庆典,44,1917,-
23种Java设计模式,566,2669,95%
Edius Pro 从基础到精通教程 校园广播电视台/教师微课制作课程,95,74,-
云主机/服务器/VPS-Linux操作系统视频教程,39,30,-
华为认证HCNA初级网络工程师（从零开始学网络工程师：周军）,266,342,-
【NEXT公开课】VirtualBox 安装Ubuntu16.04,14,9,-
Go语言基础,573,1830,100%
Java系列技术之工具SVN初级,67,434,100%
Web安全工程师之入门导论课,14,90,-
WiFi攻防那些事,125,337,100%
软件测试基础,72,91,-
PHP春天-Composer依赖管理工具,73,722,100%
Python入门-8小时开发一个我们自己的冒险游戏,26,550,100%
了解IT技术圈的虚拟化容器化技术之Docker,56,890,100%
教师微课制作方法与常用工具-0基础学习,10,7,-
教师翻转课堂教学-中级剪辑课程edius从熟练到精通,18,21,-
华为认证HCNA初级网络工程师（从零开始学网络工程师：周军）,0,520,100%
Go语言版-设计模式,68,256,-
Go语言--综合面试题系列,43,294,-
Go语言--开源项目分析,82,359,100%
Go语言入门课程（适合无编程经验同学）,124,434,100%
Go语言--实用小例子,72,492,-
15年资深IT界大拿周军阐述思科与华为IE之专题讲座（NA→NP→IE）,9,518,-
华尔思 华为HCNA/HCDA RS 李彬文 - 33集,59,2569,100%
0基础Java入门,26,388,100%
0基础仿站课程-dedecms程序仿站课程,47,40,-
制作自己的微信小游戏 - FlappyBird（像素鸟）,193,1969,91%
手工功能测试,80,450,100%
Java系列技术之HTML与CSS基础,39,31,-
Java系列技术之JavaWeb入门,432,3656,100%
华尔思带你从零开始学CCIE无线+安全方向直通车,0,262,-
吕鑫：VS2015之博大精深的C++视频教程与数据结构,145,7328,92%
华为认证 云计算方向Cloud 技术解析 实战学习HCNA/HCNP/HCIE,159,840,100%
16年专业培训 CCNA/CCNP/CCIE 网络工程师速成班 Cisco,4192,2万,93%
2018Spring经典入门到精通,297,748,100%
Locust百万并发性能测试实战,96,675,100%
RSA加解密以及验签MD5,70,402,100%
尚硅谷Java视频教程_MyBatisPlus视频教程,158,648,100%
誉天HCNA-Cloud华为云计算认证视频,17,100,100%
老马前端系列01-经典HTML5入门详解,172,899,100%
免费Vue全家桶宝洁SFA项目(限时免费),259,461,100%
Flutter开发之插件入门,287,201,100%
[爱前端]Web前端开发之Ajax,206,645,100%
大数据工程师：Docker入门与应用实战体验课,59,246,100%
华尔思 思科CCIE RS周末班（从零开始学CCNA网络工程师：郭老师）,0,63,-
Flutter移动开发,0,3579,-
JAVA架构/高并发分布式/性能优化/源码【动脑学院】成就更好的你,18072,13万,94%
安卓-Android-自定义控件-架构-NDK-React-性能优化【动脑学院】,555,9643,85%
零基础素描入门到精通【合尚教育-HESUN】美术绘画,4497,7万,98%
牧码人/JAVA WEB 2 之JDBC数据库编程,99,342,100%
2018最新struts2.x入门到精通（备javase，javaweb，框架）,35,247,100%
华尔思 华为HCIE SEC直通车（从零开始学网络工程师：杜飞）,0,248,-
牧码人/maven基础教程/项目管理构建自动化工具,73,500,100%
PS淘宝美工PS教程 抠图/产品精修/主图/海报/详情页 就业实战答疑,807,1335,100%
PS修图教程摄影后期 人像精修/调色/排版/合成/商业修图 影楼后期,10731,2万,99%
PS淘宝美工PS教程 抠图/产品精修+主图/海报/详情页设计+店铺装修,32112,10万,98%
【齐论教育】淘宝店铺新品如何在短时间内流量以及订单暴涨,352,1万,100%
【齐论教育】淘宝直通车基础直通车运营推广技巧免费课程,404,2万,99%
【齐论教育】2019淘宝精细化数据营销打造店铺爆款,0,2万,98%
20考研管理类联考英语二 许漂亮教你轻松90+（MPACC/MBA/MPA）,85,4958,100%
20考研管综数学轻松上分70大作战（MPACC/MBA/MPA）,428,7258,100%
原生JS贪吃蛇游戏实战开发【渡一教育】,1415,7806,89%
20考研管综写作老赵带你轻松搞定一类文（MPAcc/MBA/MPA/MEM）,657,7393,100%
20考研名侦探燕子揭秘管综逻辑真相（MPACC/MBA/MPA）,1016,1万,96%
【齐论教育】2019淘宝新规则与技巧规则 直通车运营技巧,825,1万,100%
2019省考面试提前学【尚政公考】,1842,4万,97%
2019省考面试提前学【尚政公考】,1842,4万,97%
【火焱社】拼多多零基础新品实操快速提升流量拼多多搜索标题组合,573,1333,100%
【火焱社】拼多多如何7天打造爆款的黑搜玩法没有销量访客怎么办,239,1576,100%
HCIE-DC数据中心大二层技术路由破环之Trill协议-誉天阮老师,16,78,-
【腾然教育】新媒体【就业、择业基】础课,12,204,-
【火焱社】拼多多15天快速打造爆款实战分享新品实操快速提升流量,3159,9485,97%
前端NEXT学位 试学课程,1,935,-
【有回放】资深大数据工程师手把手带你从零基础到高级,10,186,-
【腾然教育】新媒体【工具软件】基础课,19,360,-
技术茶话会：思科-华为数通网络周边课-腾讯首播 每周更新,24,60,-
誉天-Linux高级运维-红帽RHCA-集群RHCS,23,107,-
HTML5 / CSS3 快速入门【实训在线】,236,290,-
区块链基础知识,76,116,-
Angular4实战项目(问题记录表),25,156,-
VIP独享 一线大佬公开答疑,29,26,-
学习视频丨华为存储HCIE2.0新版解密【誉天教育】,25,93,-
红帽Linux-RHCE-7软件包的安装,14,30,-
机器学习简介与学习路线,75,197,-
Zookeeper底层原理分析【鲁班学院】,1,2,-
自动驾驶感知-激光雷达篇,65,213,-
微信小程序开发：服装销售小程序,286,463,-
Linux精华课程-RHCE-用户管理+shell基础,19,80,-
艾唱音乐课堂-学声乐学唱歌-教你零基础学流行唱法,7727,1万,94%
商业3dmax建筑漫游动画Vray-AE-艾巴优教育,6487,6万,97%
（视频教程）CAD施工图室内设计（连载更新）从零基础入门到精通,2116,14万,95%
（直播+视频）室内设计3DMAX建模-家装工装效果图制作CAD-PS-VRAY,5432,12万,97%
（实战）PHP零基础到独立做项目（高薪就业）,465,1394,-
Web前端项目之任性 CSS 完成任天堂Switch,32,51,-
【录播+直播】服装设计打版（服装纸样 服装制版 服装打版）,281,1210,-
【录播+直播】AE+C4D影视后期特效【实战】0基础快速精通,547,1493,50%
华为HCIE-RS系列公开课 IPv6之OSPFv3,0,295,100%
华为大数据认证之Hadoop的HDFS存储技术,0,160,100%
UE4室内设计VR虚拟现实项目实战-模型-材质-灯光-渲染-蓝图,0,2万,-
微趋道学堂：微信小程序开发课程,11,164,-
微信小程序：同城小程序制作开发讲解,65,200,50%
微信小程序开发：箱包服饰小程序,69,165,-
微信小程序：附近的小程序如何发布？,102,252,100%
微信电商小程序：分销商城,126,332,100%
（实战）PHP零基础到独立做项目（高薪就业）,0,253,-
（今晚直播）3DMAX建模效果图 CAD VRAY PS 室内设计 家装工装,19552,12万,97%
前端 HTML5/CSS3/JS/jQuery 经典小项目 【实训在线】,16,238,100%
【幽幽老师】带你从0基础学3DMAX高端异形建模,495,3178,85%
室内设计3dmax工装设计项目实战高级班-CAD绘图艾巴优教育,181,3088,100%
室内设计CAD施工图深化【零基础快速入门到精通】,13453,6万,93%
华为大数据认证之Hadoop的HDFS存储技术,0,160,100%
（今晚直播）3DMAX建模效果图 CAD VRAY PS 室内设计 家装工装,19552,12万,97%
华为HCIE-RS系列公开课 IPv6之OSPFv3,0,295,100%
自动驾驶激光雷达定位,26,11,-
微服务框架Spring boot快速入门,111,955,100%
Java高级开发架构课程  分布式/高可用/微服务/spring应用,10136,2万,98%
BAT高级人工智能工程师成长之路,33,126,100%
[机器学习基础]逻辑回归模型,52,318,-
PS+C4D /淘宝美工/PS教程+网店装修+电商设计 平面设计 艾巴优,1051,5243,97%
新手室内3DMAX艺术花瓶制作-艾巴优教育,109,1371,100%
免费课-室内设计电脑手绘效果图表现-艾巴优教育,0,2万,100%
MJ解密：为什么优秀程序员都必须懂C++,668,1632,100%
室内设计师-家装工装-方案优化/建材施工/工程预算/谈单沟通,5531,4万,95%
室内设计CAD施工图深化【零基础快速入门到精通】,13453,6万,93%
产品经理必备技能 基础入门  用户分析 用户调研,210,832,100%
2019软考-信息系统项目管理师-免费视频课,462,847,100%
Web前端开发系列之HTML/CSS/JS/JQ/h5【柠檬学院】,1315,4万,96%
淘宝商城项目实战开发【渡一教育】,1533,4942,86%
EVE+GNS3模拟器讲解 思科认证网络工程师 CCNA/CCNP/CCIE,262,2423,94%
JAVA架构师从启蒙到高级进阶【软谋教育】,431,5055,100%
【MBHelper】基于模型的控制软件过程助力软件,69,200,-
Java/javaee核心技术实战【软谋教育】,3145,1万,92%
2019软考--网络工程师-免费视频课程,651,1134,100%
项目经理带你-零基础学习C++,5787,4809,100%
Creator/Cocos2dx微信小游戏开发,6398,3万,95%
SEO零基础学习快速排名|熊掌号玩儿法揭秘|网络推广|网络营销|,2051,1万,92%
商业插画设计,113,1008,100%
【优选】自媒体赚钱|百家号批量工作室运营|头条号新媒体原创爆文,1353,2152,100%
VUE基础入门 VUE初级课程 VUE学习 vue.js理论,106,1276,93%
第一期/Axure交互设计/小白训练营,82,1675,78%
JavaScript 0基础-轻松入门篇,91,1603,33%
第二期/Axure交互设计/小白训练营,18,421,66%
360度服务设计/用户体验设计,14,70,-
第三期/Axure交互设计/医疗类APP交互设计实战,33,459,-
PS迅速入门基础（了解PS软件）【优逸客】,10,63,-
2019年考研专业课《计算机操作系统原理》免费课程,199,5481,90%
python入门/人工智能学习/人工智能开发/python教学/编程学习,50,1769,100%
AE动效/动效学习/AE入门/AE小白/AE/AE教程/自学AE,91,2742,90%
MJ教你玩汇编 利用汇编挖掘编程语言的本质,287,2152,92%
微信小程序开发实战课程,2634,2万,91%
软件测试/功能/性能/自动化/公开课【乐搏学院】,2809,1万,98%
新媒体运营实战，公众号运营，文章爆文操作，吸粉引流全实战演练,335,948,100%
【松勤】软件测试从基础到高级全栈课程,6955,4万,98%
C#/.Net/.Net高级工程师/设计模式/MVC/Core/Docker/.Net架构师,10466,3万,98%
你不知道的JavaScript【渡一教育】,1713,8842,90%
【优质】自媒体|新媒体赚钱揭秘，头条号|抖音|百家企鹅号趣头条,10883,2万,100%
【官方推荐】自媒体网赚|新媒体今日头条号 抖音 企鹅大鱼百家号,7469,1万,100%
IT行业职业发展之路,241,1819,100%
领跑微信小程序开发【软谋教育】,785,2万,89%
Web前端开发小白入门宝典(HTML/CSS/JavaScript/JS/JQ)[蝉壳学院],8106,2万,97%
PHP教程 PHP和MySQL基础知识讲解 php入门 前端学习 php学习,49,375,-
闫辉  创新思科华为双厂商网络基础融合课程CCNA+HCNA=XCNA,1899,5502,100%
CCNA-CCNP-HCNA2017题库精讲(持续更新),480,8727,100%
闫辉 HCNA华为认证网络工程师入门篇,2611,1万,100%
老九编程学习路线与职业发展【全语言】,1322,1251,100%
快速学会Laravel5.6的最佳作法,308,744,100%
Vue实战项目(后台用户管理系统),1793,2614,100%
【NEXT学院】Vue从入门到实战【体验课】,935,1158,-
2019年软考系统集成项目管理工程师--基础知识 精讲免费视频,611,1110,100%
学习新媒体运营教程|今日头条号培训百家号企鹅号自媒体怎么赚钱,1656,1031,100%
Koa实战课程-快速入门Koa.jsWeb开发框架(2018),150,650,100%
微信小程序商城15天从零实战课程,920,429,-
【NEXT学院】TypeScript 开发从入门到精通  体验课,346,1006,100%
Java-VIP尊享班超级体验课-腾讯课堂与柠檬学院联合出品,332,219,100%
linux+redis+java快速入门,323,603,100%
3分钟教你玩转手机摄影,249,450,100%
由浅入深带你解剖JS轮播图原理,222,382,100%
Java大神之路（第二季 MySQL基础）,256,3402,98%
揭秘黑客常用入侵工具与思路,222,717,100%
Jmeter性能测试,604,3009,95%
零基础学编程系列之C++,197,2671,88%
快速学会Laravel5.6留言板开发,49,159,-
零基础学编程系列之Java入门,270,3955,97%
第七季 ThinkPHP5商城及功能整合,106,224,-
第八季thinkphp5缓存和点赞功能,64,239,-
免费ThinkPHP5入门,210,1203,80%
轻松学会windows10（win10，win10教程，win10视频）,226,347,100%
“河洛乡村”韩延昭：让自媒体成为社会正能量的传播者,1,16,-
江西财经大学袁雄：大学生正成为新媒体内容创业的新生力量,0,11,-
尤莼洁：大数据在新闻中的作用愈发重要,2,14,-
信息粉尘时代下的内容创业,1,14,-
了解这些新媒体数据分析方法，你能打败90%的运营！,15,97,-
TCP/IP协议栈（CCNA魔鬼训练营系列）,221,597,100%
嵌入式linux实战就业班,193,1306,100%
Kali Linux与Metasploit渗透测试（免费）,244,782,100%
千锋微信公众号和微信支付入门视频,268,1228,100%
Html5游戏之神经猫开发【海康教育】,255,140,-
Docker之编程环境应用,290,1383,100%
【城市数据研习社_大咖讲堂_第一期】汤舸/城市数据团,10,2781,-
刘丽娜老师PSCS5视频教程,31,9894,95%
以蜕为进——新京报全媒体内容生产平台转型,5,40,-
《梨视频》孙翔：如何用视频讲好一个故事?,10,38,-
众媒时代，如何玩转企鹅号直播？,2,16,-
自媒体成“网红”，内容和平台一样都不能少,11,45,-
让用户忍不住点击的10万+标题写作套路！附真实案例解析,10,81,-
“跟俞菱逛马路”：流量盛宴下的极致创作和运营,1,6,-
拥抱年轻化的沟通方式，看医疗行业如何玩转新媒体？,7,18,-
linux高端运维实战就业班,8,106,-
嵌入式_linux系统编程,50,891,100%
log4j的基本使用【海康教育】,79,103,-
面试技巧-就业指导【海康教育】,41,38,100%
WEB前端基础精品课/HTML+CSS+项目实战【海康教育】,27,37,100%
《昱杰多功能订单管理系统》视频教程,2,31,-
千锋Java教程：Shiro框架从入门到实战,120,953,100%
千锋JavaEE视频教程：MyBatis框架入门到精通,29,1217,100%
【千锋教育】经典Java微服务架构视频教程,77,1022,100%
网媒从业者怎样平衡流量和操守？,0,6,-
于蓓蓓：你或许错过了一个靠旅行爆红的机会！,1,11,-
千锋最新ElasticSearch6实战教程,138,1701,90%
嵌入式高级C编程,65,1499,100%
Linux高端运维-0基础实战,12,96,-
零基础快速体验Java基础编程【海康教育】,3,1,-
Linux Shell脚本自动化编程实战,96,282,100%
2018新版 Spring Boot2.0 【50集】,312,858,100%
Python爬虫从入门到高级实战精品课,263,932,100%
零基础学编程系列之C语言入门,1487,3万,99%
软件测试之Jenkins+Maven+SVN集成框架【柠檬班】,142,1673,100%
Wireshark协议分析从入门到精通（免费版）,180,624,100%
数据结构与算法,1026,6815,95%
C#/.NET大数据高并发架构设计/.NET构架师【软谋教育】,2971,2万,97%
5G精品系列课：从入门到精通,121,255,-
iOS中高级底层探究,415,924,100%
PHP高级开发/TP5/Redis/Laravel/swoole/高并发架构【六星教育】,3542,3万,94%
java工程师|Java直播课|如何从程序员到架构师速成记【图灵学院】,20807,11万,97%
松勤自动化测试（测试开发）全栈课程-试听课,625,8707,100%
软件测试自学/面试/接口/压力/自动化/性能/入门到精通【柠檬班】,12262,6万,98%
HTTPS 为什么是安全的,660,920,100%
ADAS功能软件开发_序章,150,428,100%
PHP7开发/web前端/MySQL/THINKPHP/YII2/TP5框架【六星教育】,5296,2万,97%
MySQL 高性能 60讲,55,339,-
2018SpringBoot2.0最新全套课程,98,425,100%
SEO网站优化|熊掌号|网站建设|快速排名|移动端网络推广网络营销|,5959,2万,90%
2018SpringBoot2.0最新全套课程,55,355,-
Java零基础小白就业课程【六星教育】,0,1万,96%
PHP7+微信开发+接口开发+微商城零基础项目实战【六星教育】,0,1万,92%
【达内直播课】Java面向对象,0,115,100%
Pygame之接球小游戏【python趣味小课堂】,29,128,-
人工智能之人脸识别,74,207,-
软件测试常用工具大集合【柠檬班】,15,386,100%
软件测试从零开始【柠檬班】,98,9772,96%
2018 最新 SpringCloud Finchley,79,528,-
docker核心技术,108,460,33%
Java零基础入门到精通（集合，泛型，IO，反射，JVM， 源码）,8594,1万,98%
165天逆袭web全栈工程师（高级篇）React/VueJS/NodeJS框架实战,7135,5万,92%
Java轻松入门经典教程[柠檬学院],10511,7万,97%
裁员潮下，让我们一起探讨市场究竟需要怎样的高级Android工程师,875,2408,100%
马士兵/java基础/javaEE/架构师/大数据/人工智能/python,1251,781,100%
Web安全微专业(安全工具篇)从Kali入门玩转安全渗透工具,1610,2478,100%
iOS开发中高级进阶,5424,1万,100%
吴光科2019——Zabbix分布式监控系统企业级实战,198,310,100%
